1,2.076558e+00,1.717894e+00,0,2.000000e-01
2,2.148393e+00,1.613319e+00,0,2.000000e-01
3,2.072763e+00,1.441427e+00,0,2.000000e-01
4,1.983400e+00,1.504039e+00,0,2.000000e-01
5,1.941096e+00,1.539555e+00,0,2.000000e-01
6,1.856977e+00,1.617230e+00,0,2.000000e-01
7,1.886610e+00,1.694799e+00,0,2.000000e-01
8,1.931087e+00,1.731752e+00,0,2.000000e-01
9,1.970278e+00,1.756060e+00,0,2.000000e-01
10,5.042732e-01,7.865171e-01,0,2.000000e-01
11,4.884298e-01,7.030978e-01,0,2.000000e-01
12,4.496992e-01,6.509741e-01,0,2.000000e-01
13,4.129793e-01,6.764830e-01,0,2.000000e-01
14,3.951207e-01,7.246286e-01,0,2.000000e-01
15,4.456608e-01,8.555743e-01,0,2.000000e-01
16,1.693860e+00,1.009865e+00,0,2.000000e-01
17,1.638576e+00,9.562462e-01,0,2.000000e-01
18,1.593266e+00,9.655165e-01,0,2.000000e-01
19,1.589469e+00,9.683575e-01,0,2.000000e-01
20,1.590528e+00,9.691411e-01,0,2.000000e-01
21,1.596759e+00,9.739222e-01,0,2.000000e-01
22,1.602905e+00,9.788114e-01,0,2.000000e-01
23,1.608965e+00,9.838070e-01,0,2.000000e-01
24,1.614938e+00,9.889077e-01,0,2.000000e-01
25,1.620820e+00,9.941119e-01,0,2.000000e-01
26,1.626610e+00,9.994179e-01,0,2.000000e-01
27,1.632307e+00,1.004824e+00,0,2.000000e-01
28,1.637909e+00,1.010329e+00,0,2.000000e-01
29,1.643414e+00,1.015931e+00,0,2.000000e-01
30,1.648820e+00,1.021628e+00,0,2.000000e-01
31,1.654126e+00,1.027418e+00,0,2.000000e-01
32,1.659330e+00,1.033300e+00,0,2.000000e-01
33,1.660362e+00,1.034509e+00,0,2.000000e-01
34,1.786954e+00,2.021605e+00,0,2.000000e-01
35,1.699781e+00,1.992174e+00,0,2.000000e-01
36,1.676245e+00,2.011911e+00,0,2.000000e-01
37,1.703476e+00,2.069863e+00,0,2.000000e-01
38,1.769324e+00,2.095142e+00,0,2.000000e-01
39,1.006106e+00,1.854468e+00,0,2.000000e-01
40,9.300721e-01,1.797369e+00,0,2.000000e-01
41,8.659511e-01,1.894067e+00,0,2.000000e-01
42,8.684999e-01,1.909928e+00,0,2.000000e-01
43,9.188835e-01,1.950365e+00,0,2.000000e-01
44,9.738885e-01,1.976054e+00,0,2.000000e-01
45,9.924389e-01,1.978636e+00,0,2.000000e-01
46,2.319711e+00,2.161985e+00,0,2.000000e-01
47,2.311966e+00,2.160369e+00,0,2.000000e-01
48,2.229339e+00,2.207271e+00,0,2.000000e-01
49,2.234343e+00,2.320514e+00,0,2.000000e-01
50,2.254581e+00,2.328527e+00,0,2.000000e-01
51,2.319711e+00,2.328527e+00,0,2.000000e-01
52,1.348295e+00,7.812105e-01,0,2.000000e-01
53,1.359379e+00,6.876332e-01,0,2.000000e-01
54,1.332206e+00,6.474612e-01,0,2.000000e-01
55,1.285431e+00,6.406853e-01,0,2.000000e-01
56,1.252747e+00,6.714611e-01,0,2.000000e-01
57,1.303107e+00,7.858142e-01,0,2.000000e-01
58,2.319711e+00,1.201060e+00,0,2.000000e-01
59,2.319711e+00,1.114194e+00,0,2.000000e-01
60,2.258284e+00,1.119779e+00,0,2.000000e-01
61,2.252577e+00,1.129893e+00,0,2.000000e-01
62,2.279308e+00,1.272371e+00,0,2.000000e-01
63,2.319711e+00,1.287040e+00,0,2.000000e-01
64,1.285431e+00,6.406853e-01,0,2.000000e-01
65,1.300136e+00,5.703850e-01,0,2.000000e-01
66,1.264536e+00,5.425451e-01,0,2.000000e-01
67,1.194508e+00,5.340141e-01,0,2.000000e-01
68,1.137860e+00,5.845833e-01,0,2.000000e-01
69,1.121016e+00,6.443252e-01,0,2.000000e-01
70,1.252747e+00,6.714611e-01,0,2.000000e-01
71,1.607748e+00,3.672050e-01,0,2.000000e-01
72,1.598486e+00,3.285270e-01,0,2.000000e-01
73,1.463347e+00,3.285270e-01,0,2.000000e-01
74,1.457757e+00,3.537441e-01,0,2.000000e-01
75,1.507466e+00,4.524056e-01,0,2.000000e-01
76,1.516448e+00,4.557331e-01,0,2.000000e-01
77,1.453987e+00,2.293693e+00,0,2.000000e-01
78,1.416870e+00,2.272252e+00,0,2.000000e-01
79,1.390396e+00,2.328527e+00,0,2.000000e-01
80,1.458985e+00,2.328527e+00,0,2.000000e-01
81,1.036503e+00,5.875554e-01,0,2.000000e-01
82,9.816850e-01,5.645965e-01,0,2.000000e-01
83,9.914458e-01,6.027850e-01,0,2.000000e-01
84,1.028830e+00,6.149804e-01,0,2.000000e-01
85,2.213329e+00,7.117708e-01,0,2.000000e-01
86,2.252467e+00,6.973582e-01,0,2.000000e-01
87,2.316306e+00,6.123284e-01,0,2.000000e-01
88,2.258931e+00,5.471859e-01,0,2.000000e-01
89,2.114008e+00,5.686887e-01,0,2.000000e-01
90,2.115328e+00,6.339816e-01,0,2.000000e-01
91,2.152886e+00,7.175160e-01,0,2.000000e-01
92,6.396116e-01,7.350179e-01,0,2.000000e-01
93,6.429340e-01,7.049786e-01,0,2.000000e-01
94,5.693641e-01,6.591847e-01,0,2.000000e-01
95,4.884298e-01,7.030978e-01,0,2.000000e-01
96,5.042732e-01,7.865171e-01,0,2.000000e-01
97,4.181202e-01,1.365667e+00,0,2.000000e-01
98,3.502598e-01,1.348350e+00,0,2.000000e-01
99,3.356799e-01,1.452106e+00,0,2.000000e-01
100,4.079563e-01,1.464006e+00,0,2.000000e-01
101,1.991055e+00,1.141301e+00,0,2.000000e-01
102,1.983836e+00,1.104071e+00,0,2.000000e-01
103,1.945613e+00,1.074591e+00,0,2.000000e-01
104,1.901464e+00,1.073582e+00,0,2.000000e-01
105,1.854121e+00,1.120332e+00,0,2.000000e-01
106,1.877443e+00,1.167876e+00,0,2.000000e-01
107,1.952109e+00,8.475829e-01,0,2.000000e-01
108,1.952805e+00,8.238408e-01,0,2.000000e-01
109,1.880503e+00,7.704559e-01,0,2.000000e-01
110,1.863019e+00,7.979472e-01,0,2.000000e-01
111,1.865262e+00,8.520957e-01,0,2.000000e-01
112,1.324943e+00,2.030859e+00,0,2.000000e-01
113,1.287234e+00,1.846658e+00,0,2.000000e-01
114,1.171139e+00,1.867771e+00,0,2.000000e-01
115,1.159615e+00,1.882141e+00,0,2.000000e-01
116,1.114566e+00,1.974245e+00,0,2.000000e-01
117,1.244740e+00,2.054433e+00,0,2.000000e-01
118,7.987101e-01,1.397820e+00,0,2.000000e-01
119,7.705380e-01,1.352098e+00,0,2.000000e-01
120,6.729810e-01,1.409810e+00,0,2.000000e-01
121,6.714030e-01,1.449652e+00,0,2.000000e-01
122,7.453117e-01,1.487679e+00,0,2.000000e-01
123,1.303107e+00,7.858142e-01,0,2.000000e-01
124,1.252747e+00,6.714611e-01,0,2.000000e-01
125,1.121016e+00,6.443252e-01,0,2.000000e-01
126,1.109766e+00,6.530158e-01,0,2.000000e-01
127,1.086755e+00,7.537098e-01,0,2.000000e-01
128,1.114683e+00,8.661141e-01,0,2.000000e-01
129,1.233266e+00,8.807034e-01,0,2.000000e-01
130,1.684602e+00,3.285270e-01,0,2.000000e-01
131,1.598486e+00,3.285270e-01,0,2.000000e-01
132,1.607748e+00,3.672050e-01,0,2.000000e-01
133,1.643498e+00,3.683430e-01,0,2.000000e-01
134,1.877443e+00,1.167876e+00,0,2.000000e-01
135,1.854121e+00,1.120332e+00,0,2.000000e-01
136,1.779327e+00,1.071760e+00,0,2.000000e-01
137,1.726424e+00,1.136409e+00,0,2.000000e-01
138,1.792250e+00,1.193080e+00,0,2.000000e-01
139,1.852664e+00,1.212021e+00,0,2.000000e-01
140,1.974785e+00,1.034302e+00,0,2.000000e-01
141,1.962436e+00,9.990098e-01,0,2.000000e-01
142,1.882652e+00,1.033372e+00,0,2.000000e-01
143,1.901464e+00,1.073582e+00,0,2.000000e-01
144,1.945613e+00,1.074591e+00,0,2.000000e-01
145,3.356799e-01,1.452106e+00,0,2.000000e-01
146,3.502598e-01,1.348350e+00,0,2.000000e-01
147,3.437967e-01,1.331638e+00,0,2.000000e-01
148,3.197110e-01,1.329805e+00,0,2.000000e-01
149,3.197110e-01,1.345304e+00,0,2.000000e-01
150,3.197110e-01,1.459494e+00,0,2.000000e-01
151,1.109766e+00,6.530158e-01,0,2.000000e-01
152,1.121016e+00,6.443252e-01,0,2.000000e-01
153,1.137860e+00,5.845833e-01,0,2.000000e-01
154,1.036503e+00,5.875554e-01,0,2.000000e-01
155,1.028830e+00,6.149804e-01,0,2.000000e-01
156,1.049270e+00,6.537005e-01,0,2.000000e-01
157,2.247168e+00,1.002125e+00,0,2.000000e-01
158,2.271490e+00,9.525775e-01,0,2.000000e-01
159,2.225516e+00,8.893696e-01,0,2.000000e-01
160,2.134377e+00,8.249211e-01,0,2.000000e-01
161,2.001412e+00,8.958520e-01,0,2.000000e-01
162,1.999777e+00,9.508592e-01,0,2.000000e-01
163,2.055653e+00,1.034629e+00,0,2.000000e-01
164,2.109388e+00,1.063314e+00,0,2.000000e-01
165,2.050393e+00,7.603015e-01,0,2.000000e-01
166,2.051534e+00,6.607445e-01,0,2.000000e-01
167,2.000354e+00,6.064399e-01,0,2.000000e-01
168,1.847494e+00,6.368683e-01,0,2.000000e-01
169,1.827067e+00,7.010103e-01,0,2.000000e-01
170,1.880503e+00,7.704559e-01,0,2.000000e-01
171,1.952805e+00,8.238408e-01,0,2.000000e-01
172,9.960080e-01,1.015931e+00,0,2.000000e-01
173,1.001513e+00,1.010329e+00,0,2.000000e-01
174,1.007115e+00,1.004824e+00,0,2.000000e-01
175,1.012812e+00,9.994179e-01,0,2.000000e-01
176,1.018602e+00,9.941119e-01,0,2.000000e-01
177,1.024484e+00,9.889077e-01,0,2.000000e-01
178,1.030457e+00,9.838070e-01,0,2.000000e-01
179,1.036517e+00,9.788114e-01,0,2.000000e-01
180,1.042663e+00,9.739222e-01,0,2.000000e-01
181,1.048894e+00,9.691411e-01,0,2.000000e-01
182,1.055208e+00,9.644694e-01,0,2.000000e-01
183,1.058728e+00,9.619586e-01,0,2.000000e-01
184,1.070788e+00,8.954222e-01,0,2.000000e-01
185,1.026264e+00,8.629634e-01,0,2.000000e-01
186,9.342795e-01,8.689008e-01,0,2.000000e-01
187,9.123651e-01,8.820878e-01,0,2.000000e-01
188,9.529899e-01,1.007007e+00,0,2.000000e-01
189,9.954935e-01,1.016473e+00,0,2.000000e-01
190,1.512677e+00,2.262953e+00,0,2.000000e-01
191,1.535057e+00,2.208470e+00,0,2.000000e-01
192,1.539923e+00,2.153323e+00,0,2.000000e-01
193,1.507478e+00,2.089080e+00,0,2.000000e-01
194,1.416537e+00,2.115770e+00,0,2.000000e-01
195,1.384208e+00,2.244502e+00,0,2.000000e-01
196,1.416870e+00,2.272252e+00,0,2.000000e-01
197,1.453987e+00,2.293693e+00,0,2.000000e-01
198,6.428185e-01,1.106944e+00,0,2.000000e-01
199,7.436912e-01,1.024693e+00,0,2.000000e-01
200,7.949254e-01,9.774192e-01,0,2.000000e-01
201,8.037868e-01,9.269658e-01,0,2.000000e-01
202,7.413358e-01,7.428102e-01,0,2.000000e-01
203,7.372985e-01,7.376269e-01,0,2.000000e-01
204,6.396116e-01,7.350179e-01,0,2.000000e-01
205,5.042732e-01,7.865171e-01,0,2.000000e-01
206,4.456608e-01,8.555743e-01,0,2.000000e-01
207,4.233858e-01,9.173077e-01,0,2.000000e-01
208,4.601885e-01,9.922460e-01,0,2.000000e-01
209,5.650409e-01,1.116822e+00,0,2.000000e-01
210,1.507478e+00,2.089080e+00,0,2.000000e-01
211,1.519588e+00,2.070191e+00,0,2.000000e-01
212,1.474955e+00,2.006177e+00,0,2.000000e-01
213,1.369917e+00,2.061363e+00,0,2.000000e-01
214,1.373982e+00,2.073140e+00,0,2.000000e-01
215,1.416537e+00,2.115770e+00,0,2.000000e-01
216,2.319711e+00,1.581010e+00,0,2.000000e-01
217,2.319711e+00,1.447181e+00,0,2.000000e-01
218,2.319298e+00,1.447084e+00,0,2.000000e-01
219,2.234354e+00,1.480668e+00,0,2.000000e-01
220,2.242453e+00,1.576056e+00,0,2.000000e-01
221,2.303777e+00,1.584215e+00,0,2.000000e-01
222,4.478333e-01,1.201566e+00,0,2.000000e-01
223,3.928140e-01,1.044121e+00,0,2.000000e-01
224,3.197110e-01,1.075931e+00,0,2.000000e-01
225,3.197110e-01,1.142025e+00,0,2.000000e-01
226,3.197110e-01,1.216772e+00,0,2.000000e-01
227,3.661886e-01,1.232021e+00,0,2.000000e-01
228,1.638576e+00,9.562462e-01,0,2.000000e-01
229,1.648411e+00,8.783655e-01,0,2.000000e-01
230,1.593217e+00,8.684754e-01,0,2.000000e-01
231,1.568760e+00,9.085258e-01,0,2.000000e-01
232,1.593266e+00,9.655165e-01,0,2.000000e-01
233,1.607100e+00,2.195378e+00,0,2.000000e-01
234,1.594968e+00,2.153369e+00,0,2.000000e-01
235,1.539923e+00,2.153323e+00,0,2.000000e-01
236,1.535057e+00,2.208470e+00,0,2.000000e-01
237,1.586944e+00,2.223824e+00,0,2.000000e-01
238,1.277589e+00,3.687294e-01,0,2.000000e-01
239,1.281268e+00,3.285270e-01,0,2.000000e-01
240,1.144742e+00,3.285270e-01,0,2.000000e-01
241,1.200985e+00,3.859498e-01,0,2.000000e-01
242,9.188835e-01,1.950365e+00,0,2.000000e-01
243,8.684999e-01,1.909928e+00,0,2.000000e-01
244,7.957211e-01,1.959064e+00,0,2.000000e-01
245,7.839057e-01,2.013876e+00,0,2.000000e-01
246,8.031326e-01,2.035417e+00,0,2.000000e-01
247,8.372445e-01,2.040311e+00,0,2.000000e-01
248,1.729136e+00,8.176857e-01,0,2.000000e-01
249,1.725943e+00,7.349400e-01,0,2.000000e-01
250,1.580208e+00,6.483701e-01,0,2.000000e-01
251,1.498925e+00,7.188601e-01,0,2.000000e-01
252,1.496979e+00,7.256137e-01,0,2.000000e-01
253,1.593217e+00,8.684754e-01,0,2.000000e-01
254,1.648411e+00,8.783655e-01,0,2.000000e-01
255,2.244763e+00,1.677112e+00,0,2.000000e-01
256,2.211444e+00,1.613227e+00,0,2.000000e-01
257,2.148393e+00,1.613319e+00,0,2.000000e-01
258,2.076558e+00,1.717894e+00,0,2.000000e-01
259,2.153554e+00,1.760157e+00,0,2.000000e-01
260,2.208473e+00,1.766006e+00,0,2.000000e-01
261,8.284575e-01,2.325823e+00,0,2.000000e-01
262,7.497398e-01,2.271609e+00,0,2.000000e-01
263,5.655608e-01,2.288525e+00,0,2.000000e-01
264,5.457329e-01,2.303110e+00,0,2.000000e-01
265,5.373652e-01,2.328527e+00,0,2.000000e-01
266,8.284436e-01,2.328527e+00,0,2.000000e-01
267,1.026264e+00,8.629634e-01,0,2.000000e-01
268,9.981060e-01,8.106045e-01,0,2.000000e-01
269,9.540778e-01,8.079799e-01,0,2.000000e-01
270,9.275223e-01,8.112138e-01,0,2.000000e-01
271,9.342795e-01,8.689008e-01,0,2.000000e-01
272,7.839057e-01,2.013876e+00,0,2.000000e-01
273,7.957211e-01,1.959064e+00,0,2.000000e-01
274,7.342600e-01,1.934526e+00,0,2.000000e-01
275,6.321562e-01,1.961958e+00,0,2.000000e-01
276,6.244651e-01,1.991667e+00,0,2.000000e-01
277,6.353946e-01,2.020697e+00,0,2.000000e-01
278,7.030403e-01,2.055960e+00,0,2.000000e-01
279,5.655608e-01,2.288525e+00,0,2.000000e-01
280,5.268691e-01,2.222982e+00,0,2.000000e-01
281,4.844698e-01,2.234432e+00,0,2.000000e-01
282,4.978598e-01,2.287990e+00,0,2.000000e-01
283,5.457329e-01,2.303110e+00,0,2.000000e-01
284,1.580208e+00,6.483701e-01,0,2.000000e-01
285,1.590784e+00,5.948945e-01,0,2.000000e-01
286,1.516448e+00,4.557331e-01,0,2.000000e-01
287,1.507466e+00,4.524056e-01,0,2.000000e-01
288,1.390831e+00,4.995595e-01,0,2.000000e-01
289,1.344608e+00,5.755846e-01,0,2.000000e-01
290,1.364935e+00,6.184032e-01,0,2.000000e-01
291,1.399646e+00,6.565545e-01,0,2.000000e-01
292,1.498925e+00,7.188601e-01,0,2.000000e-01
293,1.885421e+00,2.277288e+00,0,2.000000e-01
294,1.834486e+00,2.226621e+00,0,2.000000e-01
295,1.804271e+00,2.250951e+00,0,2.000000e-01
296,1.796452e+00,2.311604e+00,0,2.000000e-01
297,1.868132e+00,2.318816e+00,0,2.000000e-01
298,7.689052e-01,4.773492e-01,0,2.000000e-01
299,7.672411e-01,3.285270e-01,0,2.000000e-01
300,4.971008e-01,3.285270e-01,0,2.000000e-01
301,5.678579e-01,5.131966e-01,0,2.000000e-01
302,6.756422e-01,5.220613e-01,0,2.000000e-01
303,9.474122e-01,1.581282e+00,0,2.000000e-01
304,9.466440e-01,1.580164e+00,0,2.000000e-01
305,9.423092e-01,1.573615e+00,0,2.000000e-01
306,9.380893e-01,1.566991e+00,0,2.000000e-01
307,9.339857e-01,1.560294e+00,0,2.000000e-01
308,9.299995e-01,1.553527e+00,0,2.000000e-01
309,9.261321e-01,1.546691e+00,0,2.000000e-01
310,9.223845e-01,1.539789e+00,0,2.000000e-01
311,9.187580e-01,1.532823e+00,0,2.000000e-01
312,9.152536e-01,1.525794e+00,0,2.000000e-01
313,9.118724e-01,1.518705e+00,0,2.000000e-01
314,9.086155e-01,1.511559e+00,0,2.000000e-01
315,9.054838e-01,1.504356e+00,0,2.000000e-01
316,9.024782e-01,1.497100e+00,0,2.000000e-01
317,8.995998e-01,1.489793e+00,0,2.000000e-01
318,8.968493e-01,1.482436e+00,0,2.000000e-01
319,8.942276e-01,1.475033e+00,0,2.000000e-01
320,8.917355e-01,1.467585e+00,0,2.000000e-01
321,8.893738e-01,1.460094e+00,0,2.000000e-01
322,8.871432e-01,1.452564e+00,0,2.000000e-01
323,8.850443e-01,1.444996e+00,0,2.000000e-01
324,8.842499e-01,1.441924e+00,0,2.000000e-01
325,7.987101e-01,1.397820e+00,0,2.000000e-01
326,7.453117e-01,1.487679e+00,0,2.000000e-01
327,7.645647e-01,1.586992e+00,0,2.000000e-01
328,9.049874e-01,1.606401e+00,0,2.000000e-01
329,2.265979e+00,1.355302e+00,0,2.000000e-01
330,2.270599e+00,1.281638e+00,0,2.000000e-01
331,2.109717e+00,1.223697e+00,0,2.000000e-01
332,2.048768e+00,1.402424e+00,0,2.000000e-01
333,2.073698e+00,1.432259e+00,0,2.000000e-01
334,2.186224e+00,1.435897e+00,0,2.000000e-01
335,2.258931e+00,5.471859e-01,0,2.000000e-01
336,2.277379e+00,5.113849e-01,0,2.000000e-01
337,2.299805e+00,3.928835e-01,0,2.000000e-01
338,2.284234e+00,3.602371e-01,0,2.000000e-01
339,2.236280e+00,3.285270e-01,0,2.000000e-01
340,2.177919e+00,3.285270e-01,0,2.000000e-01
341,2.055839e+00,4.277181e-01,0,2.000000e-01
342,2.082882e+00,5.414206e-01,0,2.000000e-01
343,2.114008e+00,5.686887e-01,0,2.000000e-01
344,6.321562e-01,1.961958e+00,0,2.000000e-01
345,6.203243e-01,1.919106e+00,0,2.000000e-01
346,5.905239e-01,1.909959e+00,0,2.000000e-01
347,5.290917e-01,1.942984e+00,0,2.000000e-01
348,5.479640e-01,1.980482e+00,0,2.000000e-01
349,6.244651e-01,1.991667e+00,0,2.000000e-01
350,5.007641e-01,1.431201e+00,0,2.000000e-01
351,4.626993e-01,1.340747e+00,0,2.000000e-01
352,4.181202e-01,1.365667e+00,0,2.000000e-01
353,4.079563e-01,1.464006e+00,0,2.000000e-01
354,4.280961e-01,1.474520e+00,0,2.000000e-01
355,2.125276e+00,2.162302e+00,0,2.000000e-01
356,2.163730e+00,1.985938e+00,0,2.000000e-01
357,2.049358e+00,1.917465e+00,0,2.000000e-01
358,1.874579e+00,2.007043e+00,0,2.000000e-01
359,1.861894e+00,2.030215e+00,0,2.000000e-01
360,1.865216e+00,2.139457e+00,0,2.000000e-01
361,1.954827e+00,2.201827e+00,0,2.000000e-01
362,2.080599e+00,2.210605e+00,0,2.000000e-01
363,2.049358e+00,1.917465e+00,0,2.000000e-01
364,2.038527e+00,1.894908e+00,0,2.000000e-01
365,1.975502e+00,1.814177e+00,0,2.000000e-01
366,1.922733e+00,1.845642e+00,0,2.000000e-01
367,1.889438e+00,1.900946e+00,0,2.000000e-01
368,1.864979e+00,1.957521e+00,0,2.000000e-01
369,1.874579e+00,2.007043e+00,0,2.000000e-01
370,6.763633e-01,5.828607e-01,0,2.000000e-01
371,6.756422e-01,5.220613e-01,0,2.000000e-01
372,5.678579e-01,5.131966e-01,0,2.000000e-01
373,5.422289e-01,5.326876e-01,0,2.000000e-01
374,5.709504e-01,6.051202e-01,0,2.000000e-01
375,7.115872e-01,1.726092e+00,0,2.000000e-01
376,7.305882e-01,1.688168e+00,0,2.000000e-01
377,7.397309e-01,1.601392e+00,0,2.000000e-01
378,6.677074e-01,1.542735e+00,0,2.000000e-01
379,5.184262e-01,1.642736e+00,0,2.000000e-01
380,5.221654e-01,1.697252e+00,0,2.000000e-01
381,5.757106e-01,1.745669e+00,0,2.000000e-01
382,6.410948e-01,1.752586e+00,0,2.000000e-01
383,7.342600e-01,1.934526e+00,0,2.000000e-01
384,7.162768e-01,1.867679e+00,0,2.000000e-01
385,6.448054e-01,1.883184e+00,0,2.000000e-01
386,6.203243e-01,1.919106e+00,0,2.000000e-01
387,6.321562e-01,1.961958e+00,0,2.000000e-01
388,1.286082e+00,4.674060e-01,0,2.000000e-01
389,1.203400e+00,4.709095e-01,0,2.000000e-01
390,1.194508e+00,5.340141e-01,0,2.000000e-01
391,1.264536e+00,5.425451e-01,0,2.000000e-01
392,8.883509e-01,7.205380e-01,0,2.000000e-01
393,8.228354e-01,6.661716e-01,0,2.000000e-01
394,7.385302e-01,7.301233e-01,0,2.000000e-01
395,7.372985e-01,7.376269e-01,0,2.000000e-01
396,7.413358e-01,7.428102e-01,0,2.000000e-01
397,8.705179e-01,7.728295e-01,0,2.000000e-01
398,8.891642e-01,2.098616e+00,0,2.000000e-01
399,8.372445e-01,2.040311e+00,0,2.000000e-01
400,8.031326e-01,2.035417e+00,0,2.000000e-01
401,7.914635e-01,2.107276e+00,0,2.000000e-01
402,8.453191e-01,2.124588e+00,0,2.000000e-01
403,5.457329e-01,2.303110e+00,0,2.000000e-01
404,4.978598e-01,2.287990e+00,0,2.000000e-01
405,4.328813e-01,2.315874e+00,0,2.000000e-01
406,4.332092e-01,2.328527e+00,0,2.000000e-01
407,5.373652e-01,2.328527e+00,0,2.000000e-01
408,1.286082e+00,4.674060e-01,0,2.000000e-01
409,1.305673e+00,4.368356e-01,0,2.000000e-01
410,1.294494e+00,3.841762e-01,0,2.000000e-01
411,1.277589e+00,3.687294e-01,0,2.000000e-01
412,1.200985e+00,3.859498e-01,0,2.000000e-01
413,1.203400e+00,4.709095e-01,0,2.000000e-01
414,7.645647e-01,1.586992e+00,0,2.000000e-01
415,7.453117e-01,1.487679e+00,0,2.000000e-01
416,6.714030e-01,1.449652e+00,0,2.000000e-01
417,6.587453e-01,1.472830e+00,0,2.000000e-01
418,6.677074e-01,1.542735e+00,0,2.000000e-01
419,7.397309e-01,1.601392e+00,0,2.000000e-01
420,2.082882e+00,5.414206e-01,0,2.000000e-01
421,2.055839e+00,4.277181e-01,0,2.000000e-01
422,2.014647e+00,4.030867e-01,0,2.000000e-01
423,1.955439e+00,3.807242e-01,0,2.000000e-01
424,1.940483e+00,4.916720e-01,0,2.000000e-01
425,2.033150e+00,5.602083e-01,0,2.000000e-01
426,9.342795e-01,8.689008e-01,0,2.000000e-01
427,9.275223e-01,8.112138e-01,0,2.000000e-01
428,8.802348e-01,7.918488e-01,0,2.000000e-01
429,8.665752e-01,8.782688e-01,0,2.000000e-01
430,9.123651e-01,8.820878e-01,0,2.000000e-01
431,3.279420e-01,2.175481e+00,0,2.000000e-01
432,3.436005e-01,2.098390e+00,0,2.000000e-01
433,3.372732e-01,2.002809e+00,0,2.000000e-01
434,3.197110e-01,1.988830e+00,0,2.000000e-01
435,3.197110e-01,2.017428e+00,0,2.000000e-01
436,3.197110e-01,2.182229e+00,0,2.000000e-01
437,5.411601e-01,1.794411e+00,0,2.000000e-01
438,5.757106e-01,1.745669e+00,0,2.000000e-01
439,5.221654e-01,1.697252e+00,0,2.000000e-01
440,4.583524e-01,1.740864e+00,0,2.000000e-01
441,4.507072e-01,1.751870e+00,0,2.000000e-01
442,4.839077e-01,1.802243e+00,0,2.000000e-01
443,1.373982e+00,2.073140e+00,0,2.000000e-01
444,1.369917e+00,2.061363e+00,0,2.000000e-01
445,1.324943e+00,2.030859e+00,0,2.000000e-01
446,1.244740e+00,2.054433e+00,0,2.000000e-01
447,1.239970e+00,2.103660e+00,0,2.000000e-01
448,1.285653e+00,2.159206e+00,0,2.000000e-01
449,9.529899e-01,1.007007e+00,0,2.000000e-01
450,9.123651e-01,8.820878e-01,0,2.000000e-01
451,8.665752e-01,8.782688e-01,0,2.000000e-01
452,8.037868e-01,9.269658e-01,0,2.000000e-01
453,7.949254e-01,9.774192e-01,0,2.000000e-01
454,8.501286e-01,1.009258e+00,0,2.000000e-01
455,9.471933e-01,3.285270e-01,0,2.000000e-01
456,8.353667e-01,3.285270e-01,0,2.000000e-01
457,8.795084e-01,3.744041e-01,0,2.000000e-01
458,2.319711e+00,1.440013e+00,0,2.000000e-01
459,2.319711e+00,1.367026e+00,0,2.000000e-01
460,2.296793e+00,1.373074e+00,0,2.000000e-01
461,2.319298e+00,1.447084e+00,0,2.000000e-01
462,2.319711e+00,1.447181e+00,0,2.000000e-01
463,1.474955e+00,2.006177e+00,0,2.000000e-01
464,1.485709e+00,1.954113e+00,0,2.000000e-01
465,1.455766e+00,1.816158e+00,0,2.000000e-01
466,1.413346e+00,1.768677e+00,0,2.000000e-01
467,1.413271e+00,1.768693e+00,0,2.000000e-01
468,1.405575e+00,1.770259e+00,0,2.000000e-01
469,1.397853e+00,1.771691e+00,0,2.000000e-01
470,1.394741e+00,1.772211e+00,0,2.000000e-01
471,1.287234e+00,1.846658e+00,0,2.000000e-01
472,1.324943e+00,2.030859e+00,0,2.000000e-01
473,1.369917e+00,2.061363e+00,0,2.000000e-01
474,7.497398e-01,2.271609e+00,0,2.000000e-01
475,7.528653e-01,2.236603e+00,0,2.000000e-01
476,7.486960e-01,2.124915e+00,0,2.000000e-01
477,7.030403e-01,2.055960e+00,0,2.000000e-01
478,6.353946e-01,2.020697e+00,0,2.000000e-01
479,5.468003e-01,2.078057e+00,0,2.000000e-01
480,5.114466e-01,2.151798e+00,0,2.000000e-01
481,5.268691e-01,2.222982e+00,0,2.000000e-01
482,5.655608e-01,2.288525e+00,0,2.000000e-01
483,2.126070e+00,1.845358e+00,0,2.000000e-01
484,2.153554e+00,1.760157e+00,0,2.000000e-01
485,2.076558e+00,1.717894e+00,0,2.000000e-01
486,1.970278e+00,1.756060e+00,0,2.000000e-01
487,1.975502e+00,1.814177e+00,0,2.000000e-01
488,2.038527e+00,1.894908e+00,0,2.000000e-01
489,1.586944e+00,2.223824e+00,0,2.000000e-01
490,1.535057e+00,2.208470e+00,0,2.000000e-01
491,1.512677e+00,2.262953e+00,0,2.000000e-01
492,1.584668e+00,2.267237e+00,0,2.000000e-01
493,3.864817e-01,1.687846e+00,0,2.000000e-01
494,3.213455e-01,1.646578e+00,0,2.000000e-01
495,3.197110e-01,1.647486e+00,0,2.000000e-01
496,3.197110e-01,1.734413e+00,0,2.000000e-01
497,3.723501e-01,1.737023e+00,0,2.000000e-01
498,4.129793e-01,6.764830e-01,0,2.000000e-01
499,3.460961e-01,6.244958e-01,0,2.000000e-01
500,3.197110e-01,6.373036e-01,0,2.000000e-01
501,3.197110e-01,6.499730e-01,0,2.000000e-01
502,3.197110e-01,7.124171e-01,0,2.000000e-01
503,3.951207e-01,7.246286e-01,0,2.000000e-01
504,5.693641e-01,6.591847e-01,0,2.000000e-01
505,5.709504e-01,6.051202e-01,0,2.000000e-01
506,5.422289e-01,5.326876e-01,0,2.000000e-01
507,4.627424e-01,5.702168e-01,0,2.000000e-01
508,4.496992e-01,6.509741e-01,0,2.000000e-01
509,4.884298e-01,7.030978e-01,0,2.000000e-01
510,2.113417e+00,1.174677e+00,0,2.000000e-01
511,2.109388e+00,1.063314e+00,0,2.000000e-01
512,2.055653e+00,1.034629e+00,0,2.000000e-01
513,2.009984e+00,1.053542e+00,0,2.000000e-01
514,1.983836e+00,1.104071e+00,0,2.000000e-01
515,1.991055e+00,1.141301e+00,0,2.000000e-01
516,2.106475e+00,1.184124e+00,0,2.000000e-01
517,1.796452e+00,2.311604e+00,0,2.000000e-01
518,1.804271e+00,2.250951e+00,0,2.000000e-01
519,1.671445e+00,2.244840e+00,0,2.000000e-01
520,1.647271e+00,2.298630e+00,0,2.000000e-01
521,1.655988e+00,2.326940e+00,0,2.000000e-01
522,1.658640e+00,2.328527e+00,0,2.000000e-01
523,1.777199e+00,2.328527e+00,0,2.000000e-01
524,4.578566e-01,1.911987e+00,0,2.000000e-01
525,4.540622e-01,1.901081e+00,0,2.000000e-01
526,3.524062e-01,1.842539e+00,0,2.000000e-01
527,3.197110e-01,1.849758e+00,0,2.000000e-01
528,3.197110e-01,1.988830e+00,0,2.000000e-01
529,3.372732e-01,2.002809e+00,0,2.000000e-01
530,3.899221e-01,2.008684e+00,0,2.000000e-01
531,1.791934e+00,7.278811e-01,0,2.000000e-01
532,1.827067e+00,7.010103e-01,0,2.000000e-01
533,1.847494e+00,6.368683e-01,0,2.000000e-01
534,1.824932e+00,5.708769e-01,0,2.000000e-01
535,1.738467e+00,5.309859e-01,0,2.000000e-01
536,1.590784e+00,5.948945e-01,0,2.000000e-01
537,1.580208e+00,6.483701e-01,0,2.000000e-01
538,1.725943e+00,7.349400e-01,0,2.000000e-01
539,2.091336e+00,2.265693e+00,0,2.000000e-01
540,2.080599e+00,2.210605e+00,0,2.000000e-01
541,1.954827e+00,2.201827e+00,0,2.000000e-01
542,1.924704e+00,2.256880e+00,0,2.000000e-01
543,1.997876e+00,2.287474e+00,0,2.000000e-01
544,1.781783e+00,1.251442e+00,0,2.000000e-01
545,1.792250e+00,1.193080e+00,0,2.000000e-01
546,1.726764e+00,1.136701e+00,0,2.000000e-01
547,1.727549e+00,1.138349e+00,0,2.000000e-01
548,1.730806e+00,1.145496e+00,0,2.000000e-01
549,1.733938e+00,1.152698e+00,0,2.000000e-01
550,1.736944e+00,1.159954e+00,0,2.000000e-01
551,1.739822e+00,1.167261e+00,0,2.000000e-01
552,1.742573e+00,1.174618e+00,0,2.000000e-01
553,1.745194e+00,1.182021e+00,0,2.000000e-01
554,1.747686e+00,1.189469e+00,0,2.000000e-01
555,1.750048e+00,1.196960e+00,0,2.000000e-01
556,1.752279e+00,1.204490e+00,0,2.000000e-01
557,1.754378e+00,1.212058e+00,0,2.000000e-01
558,1.756344e+00,1.219662e+00,0,2.000000e-01
559,1.758177e+00,1.227299e+00,0,2.000000e-01
560,1.759877e+00,1.234967e+00,0,2.000000e-01
561,1.761443e+00,1.242663e+00,0,2.000000e-01
562,1.762874e+00,1.250385e+00,0,2.000000e-01
563,1.763998e+00,1.257101e+00,0,2.000000e-01
564,2.319711e+00,7.354637e-01,0,2.000000e-01
565,2.285412e+00,7.279304e-01,0,2.000000e-01
566,2.259667e+00,7.739215e-01,0,2.000000e-01
567,2.264533e+00,8.382756e-01,0,2.000000e-01
568,2.319711e+00,8.413210e-01,0,2.000000e-01
569,2.296929e+00,1.674982e+00,0,2.000000e-01
570,2.303777e+00,1.584215e+00,0,2.000000e-01
571,2.242453e+00,1.576056e+00,0,2.000000e-01
572,2.211444e+00,1.613227e+00,0,2.000000e-01
573,2.244763e+00,1.677112e+00,0,2.000000e-01
574,6.892388e-01,6.652698e-01,0,2.000000e-01
575,6.763633e-01,5.828607e-01,0,2.000000e-01
576,5.709504e-01,6.051202e-01,0,2.000000e-01
577,5.693641e-01,6.591847e-01,0,2.000000e-01
578,6.429340e-01,7.049786e-01,0,2.000000e-01
579,2.319711e+00,9.400680e-01,0,2.000000e-01
580,2.319711e+00,8.413210e-01,0,2.000000e-01
581,2.264533e+00,8.382756e-01,0,2.000000e-01
582,2.225516e+00,8.893696e-01,0,2.000000e-01
583,2.271490e+00,9.525775e-01,0,2.000000e-01
584,2.264533e+00,8.382756e-01,0,2.000000e-01
585,2.259667e+00,7.739215e-01,0,2.000000e-01
586,2.213329e+00,7.117708e-01,0,2.000000e-01
587,2.152886e+00,7.175160e-01,0,2.000000e-01
588,2.127092e+00,7.834959e-01,0,2.000000e-01
589,2.134377e+00,8.249211e-01,0,2.000000e-01
590,2.225516e+00,8.893696e-01,0,2.000000e-01
591,1.983400e+00,1.504039e+00,0,2.000000e-01
592,1.995992e+00,1.402238e+00,0,2.000000e-01
593,1.986794e+00,1.401714e+00,0,2.000000e-01
594,1.900811e+00,1.442318e+00,0,2.000000e-01
595,1.941096e+00,1.539555e+00,0,2.000000e-01
596,6.353946e-01,2.020697e+00,0,2.000000e-01
597,6.244651e-01,1.991667e+00,0,2.000000e-01
598,5.479640e-01,1.980482e+00,0,2.000000e-01
599,5.089780e-01,2.041585e+00,0,2.000000e-01
600,5.468003e-01,2.078057e+00,0,2.000000e-01
601,1.922733e+00,1.845642e+00,0,2.000000e-01
602,1.893875e+00,1.835121e+00,0,2.000000e-01
603,1.837660e+00,1.849759e+00,0,2.000000e-01
604,1.846167e+00,1.887950e+00,0,2.000000e-01
605,1.889438e+00,1.900946e+00,0,2.000000e-01
606,6.714030e-01,1.449652e+00,0,2.000000e-01
607,6.729810e-01,1.409810e+00,0,2.000000e-01
608,5.955680e-01,1.347351e+00,0,2.000000e-01
609,5.446056e-01,1.422153e+00,0,2.000000e-01
610,6.587453e-01,1.472830e+00,0,2.000000e-01
611,1.846805e+00,1.285058e+00,0,2.000000e-01
612,1.844054e+00,1.262568e+00,0,2.000000e-01
613,1.781783e+00,1.251442e+00,0,2.000000e-01
614,1.763998e+00,1.257101e+00,0,2.000000e-01
615,1.764171e+00,1.258132e+00,0,2.000000e-01
616,1.765332e+00,1.265899e+00,0,2.000000e-01
617,1.766357e+00,1.273686e+00,0,2.000000e-01
618,1.767246e+00,1.281489e+00,0,2.000000e-01
619,1.767999e+00,1.289307e+00,0,2.000000e-01
620,1.768410e+00,1.294533e+00,0,2.000000e-01
621,1.793496e+00,1.345634e+00,0,2.000000e-01
622,1.924704e+00,2.256880e+00,0,2.000000e-01
623,1.954827e+00,2.201827e+00,0,2.000000e-01
624,1.865216e+00,2.139457e+00,0,2.000000e-01
625,1.854283e+00,2.145734e+00,0,2.000000e-01
626,1.834486e+00,2.226621e+00,0,2.000000e-01
627,1.885421e+00,2.277288e+00,0,2.000000e-01
628,2.319298e+00,1.447084e+00,0,2.000000e-01
629,2.296793e+00,1.373074e+00,0,2.000000e-01
630,2.265979e+00,1.355302e+00,0,2.000000e-01
631,2.186224e+00,1.435897e+00,0,2.000000e-01
632,2.234354e+00,1.480668e+00,0,2.000000e-01
633,1.900811e+00,1.442318e+00,0,2.000000e-01
634,1.986794e+00,1.401714e+00,0,2.000000e-01
635,1.846805e+00,1.285058e+00,0,2.000000e-01
636,1.793496e+00,1.345634e+00,0,2.000000e-01
637,1.762082e+00,1.410946e+00,0,2.000000e-01
638,1.761443e+00,1.414391e+00,0,2.000000e-01
639,1.759877e+00,1.422087e+00,0,2.000000e-01
640,1.758177e+00,1.429755e+00,0,2.000000e-01
641,1.756344e+00,1.437392e+00,0,2.000000e-01
642,1.754378e+00,1.444996e+00,0,2.000000e-01
643,1.752279e+00,1.452564e+00,0,2.000000e-01
644,1.750048e+00,1.460094e+00,0,2.000000e-01
645,1.747686e+00,1.467585e+00,0,2.000000e-01
646,1.745194e+00,1.475033e+00,0,2.000000e-01
647,1.742573e+00,1.482436e+00,0,2.000000e-01
648,1.740554e+00,1.487835e+00,0,2.000000e-01
649,1.764014e+00,1.501153e+00,0,2.000000e-01
650,1.496979e+00,7.256137e-01,0,2.000000e-01
651,1.498925e+00,7.188601e-01,0,2.000000e-01
652,1.399646e+00,6.565545e-01,0,2.000000e-01
653,1.359379e+00,6.876332e-01,0,2.000000e-01
654,1.348295e+00,7.812105e-01,0,2.000000e-01
655,1.423676e+00,8.152082e-01,0,2.000000e-01
656,1.399646e+00,6.565545e-01,0,2.000000e-01
657,1.364935e+00,6.184032e-01,0,2.000000e-01
658,1.332206e+00,6.474612e-01,0,2.000000e-01
659,1.359379e+00,6.876332e-01,0,2.000000e-01
660,1.244740e+00,2.054433e+00,0,2.000000e-01
661,1.114566e+00,1.974245e+00,0,2.000000e-01
662,1.076477e+00,2.007104e+00,0,2.000000e-01
663,1.062482e+00,2.102926e+00,0,2.000000e-01
664,1.239970e+00,2.103660e+00,0,2.000000e-01
665,1.416870e+00,2.272252e+00,0,2.000000e-01
666,1.384208e+00,2.244502e+00,0,2.000000e-01
667,1.305495e+00,2.244791e+00,0,2.000000e-01
668,1.246541e+00,2.298656e+00,0,2.000000e-01
669,1.254773e+00,2.328527e+00,0,2.000000e-01
670,1.390396e+00,2.328527e+00,0,2.000000e-01
671,2.319711e+00,3.997819e-01,0,2.000000e-01
672,2.299805e+00,3.928835e-01,0,2.000000e-01
673,2.277379e+00,5.113849e-01,0,2.000000e-01
674,2.319711e+00,5.130821e-01,0,2.000000e-01
675,1.171139e+00,1.867771e+00,0,2.000000e-01
676,1.113138e+00,1.728295e+00,0,2.000000e-01
677,1.108449e+00,1.725853e+00,0,2.000000e-01
678,1.101547e+00,1.722106e+00,0,2.000000e-01
679,1.094711e+00,1.718238e+00,0,2.000000e-01
680,1.087944e+00,1.714252e+00,0,2.000000e-01
681,1.081247e+00,1.710149e+00,0,2.000000e-01
682,1.074623e+00,1.705929e+00,0,2.000000e-01
683,1.068074e+00,1.701594e+00,0,2.000000e-01
684,1.061602e+00,1.697145e+00,0,2.000000e-01
685,1.056961e+00,1.693835e+00,0,2.000000e-01
686,9.346873e-01,1.731655e+00,0,2.000000e-01
687,9.300721e-01,1.797369e+00,0,2.000000e-01
688,1.006106e+00,1.854468e+00,0,2.000000e-01
689,1.159615e+00,1.882141e+00,0,2.000000e-01
690,1.955439e+00,3.807242e-01,0,2.000000e-01
691,1.902880e+00,3.490319e-01,0,2.000000e-01
692,1.859729e+00,3.751980e-01,0,2.000000e-01
693,1.830668e+00,4.208525e-01,0,2.000000e-01
694,1.845007e+00,4.818071e-01,0,2.000000e-01
695,1.940483e+00,4.916720e-01,0,2.000000e-01
696,5.446056e-01,1.422153e+00,0,2.000000e-01
697,5.955680e-01,1.347351e+00,0,2.000000e-01
698,5.721269e-01,1.289749e+00,0,2.000000e-01
699,4.816367e-01,1.305066e+00,0,2.000000e-01
700,4.626993e-01,1.340747e+00,0,2.000000e-01
701,5.007641e-01,1.431201e+00,0,2.000000e-01
702,1.889438e+00,1.900946e+00,0,2.000000e-01
703,1.846167e+00,1.887950e+00,0,2.000000e-01
704,1.822245e+00,1.938397e+00,0,2.000000e-01
705,1.864979e+00,1.957521e+00,0,2.000000e-01
706,4.201546e-01,2.097115e+00,0,2.000000e-01
707,4.264185e-01,2.065298e+00,0,2.000000e-01
708,3.899221e-01,2.008684e+00,0,2.000000e-01
709,3.372732e-01,2.002809e+00,0,2.000000e-01
710,3.436005e-01,2.098390e+00,0,2.000000e-01
711,4.035101e-01,2.116753e+00,0,2.000000e-01
712,1.114566e+00,1.974245e+00,0,2.000000e-01
713,1.159615e+00,1.882141e+00,0,2.000000e-01
714,1.006106e+00,1.854468e+00,0,2.000000e-01
715,9.924389e-01,1.978636e+00,0,2.000000e-01
716,1.076477e+00,2.007104e+00,0,2.000000e-01
717,3.773501e-01,2.166274e+00,0,2.000000e-01
718,4.035101e-01,2.116753e+00,0,2.000000e-01
719,3.436005e-01,2.098390e+00,0,2.000000e-01
720,3.279420e-01,2.175481e+00,0,2.000000e-01
721,1.667610e+00,2.137827e+00,0,2.000000e-01
722,1.616287e+00,2.120952e+00,0,2.000000e-01
723,1.594968e+00,2.153369e+00,0,2.000000e-01
724,1.607100e+00,2.195378e+00,0,2.000000e-01
725,1.662673e+00,2.215794e+00,0,2.000000e-01
726,2.234343e+00,2.320514e+00,0,2.000000e-01
727,2.229339e+00,2.207271e+00,0,2.000000e-01
728,2.125276e+00,2.162302e+00,0,2.000000e-01
729,2.080599e+00,2.210605e+00,0,2.000000e-01
730,2.091336e+00,2.265693e+00,0,2.000000e-01
731,2.130644e+00,2.328527e+00,0,2.000000e-01
732,2.177289e+00,2.328527e+00,0,2.000000e-01
733,5.114466e-01,2.151798e+00,0,2.000000e-01
734,5.468003e-01,2.078057e+00,0,2.000000e-01
735,5.089780e-01,2.041585e+00,0,2.000000e-01
736,4.264185e-01,2.065298e+00,0,2.000000e-01
737,4.201546e-01,2.097115e+00,0,2.000000e-01
738,4.826179e-01,2.154852e+00,0,2.000000e-01
739,5.089780e-01,2.041585e+00,0,2.000000e-01
740,5.479640e-01,1.980482e+00,0,2.000000e-01
741,5.290917e-01,1.942984e+00,0,2.000000e-01
742,4.578566e-01,1.911987e+00,0,2.000000e-01
743,3.899221e-01,2.008684e+00,0,2.000000e-01
744,4.264185e-01,2.065298e+00,0,2.000000e-01
745,2.285412e+00,7.279304e-01,0,2.000000e-01
746,2.252467e+00,6.973582e-01,0,2.000000e-01
747,2.213329e+00,7.117708e-01,0,2.000000e-01
748,2.259667e+00,7.739215e-01,0,2.000000e-01
749,8.228354e-01,6.661716e-01,0,2.000000e-01
750,8.377431e-01,5.758316e-01,0,2.000000e-01
751,8.296818e-01,5.348293e-01,0,2.000000e-01
752,8.099704e-01,4.764973e-01,0,2.000000e-01
753,7.689052e-01,4.773492e-01,0,2.000000e-01
754,6.756422e-01,5.220613e-01,0,2.000000e-01
755,6.763633e-01,5.828607e-01,0,2.000000e-01
756,6.892388e-01,6.652698e-01,0,2.000000e-01
757,7.385302e-01,7.301233e-01,0,2.000000e-01
758,1.056961e+00,1.693835e+00,0,2.000000e-01
759,1.055208e+00,1.692585e+00,0,2.000000e-01
760,1.048894e+00,1.687913e+00,0,2.000000e-01
761,1.042663e+00,1.683132e+00,0,2.000000e-01
762,1.036517e+00,1.678243e+00,0,2.000000e-01
763,1.030457e+00,1.673247e+00,0,2.000000e-01
764,1.024484e+00,1.668146e+00,0,2.000000e-01
765,1.018602e+00,1.662942e+00,0,2.000000e-01
766,1.012812e+00,1.657636e+00,0,2.000000e-01
767,1.007115e+00,1.652230e+00,0,2.000000e-01
768,1.001513e+00,1.646725e+00,0,2.000000e-01
769,9.960080e-01,1.641123e+00,0,2.000000e-01
770,9.906018e-01,1.635426e+00,0,2.000000e-01
771,9.852958e-01,1.629636e+00,0,2.000000e-01
772,9.800916e-01,1.623754e+00,0,2.000000e-01
773,9.749910e-01,1.617781e+00,0,2.000000e-01
774,9.699953e-01,1.611721e+00,0,2.000000e-01
775,9.651061e-01,1.605575e+00,0,2.000000e-01
776,9.603250e-01,1.599344e+00,0,2.000000e-01
777,9.556533e-01,1.593030e+00,0,2.000000e-01
778,9.510925e-01,1.586636e+00,0,2.000000e-01
779,9.474122e-01,1.581282e+00,0,2.000000e-01
780,9.049874e-01,1.606401e+00,0,2.000000e-01
781,9.188487e-01,1.715444e+00,0,2.000000e-01
782,9.346873e-01,1.731655e+00,0,2.000000e-01
783,2.319711e+00,1.114194e+00,0,2.000000e-01
784,2.319711e+00,9.750640e-01,0,2.000000e-01
785,2.319711e+00,9.400680e-01,0,2.000000e-01
786,2.271490e+00,9.525775e-01,0,2.000000e-01
787,2.247168e+00,1.002125e+00,0,2.000000e-01
788,2.258284e+00,1.119779e+00,0,2.000000e-01
789,1.874579e+00,2.007043e+00,0,2.000000e-01
790,1.864979e+00,1.957521e+00,0,2.000000e-01
791,1.822245e+00,1.938397e+00,0,2.000000e-01
792,1.731066e+00,1.924963e+00,0,2.000000e-01
793,1.709361e+00,1.969021e+00,0,2.000000e-01
794,1.699781e+00,1.992174e+00,0,2.000000e-01
795,1.786954e+00,2.021605e+00,0,2.000000e-01
796,1.861894e+00,2.030215e+00,0,2.000000e-01
797,1.109766e+00,6.530158e-01,0,2.000000e-01
798,1.049270e+00,6.537005e-01,0,2.000000e-01
799,1.012139e+00,6.804284e-01,0,2.000000e-01
800,9.994142e-01,7.115809e-01,0,2.000000e-01
801,1.009715e+00,7.371273e-01,0,2.000000e-01
802,1.086755e+00,7.537098e-01,0,2.000000e-01
803,1.975502e+00,1.814177e+00,0,2.000000e-01
804,1.970278e+00,1.756060e+00,0,2.000000e-01
805,1.931087e+00,1.731752e+00,0,2.000000e-01
806,1.893875e+00,1.835121e+00,0,2.000000e-01
807,1.922733e+00,1.845642e+00,0,2.000000e-01
808,8.099704e-01,4.764973e-01,0,2.000000e-01
809,8.533008e-01,4.443969e-01,0,2.000000e-01
810,8.795084e-01,3.744041e-01,0,2.000000e-01
811,8.353667e-01,3.285270e-01,0,2.000000e-01
812,7.672411e-01,3.285270e-01,0,2.000000e-01
813,7.689052e-01,4.773492e-01,0,2.000000e-01
814,7.162768e-01,1.867679e+00,0,2.000000e-01
815,7.591710e-01,1.816883e+00,0,2.000000e-01
816,7.428780e-01,1.764328e+00,0,2.000000e-01
817,7.115872e-01,1.726092e+00,0,2.000000e-01
818,6.410948e-01,1.752586e+00,0,2.000000e-01
819,6.413110e-01,1.852056e+00,0,2.000000e-01
820,6.448054e-01,1.883184e+00,0,2.000000e-01
821,8.665752e-01,8.782688e-01,0,2.000000e-01
822,8.802348e-01,7.918488e-01,0,2.000000e-01
823,8.705179e-01,7.728295e-01,0,2.000000e-01
824,7.413358e-01,7.428102e-01,0,2.000000e-01
825,8.037868e-01,9.269658e-01,0,2.000000e-01
826,4.328813e-01,2.315874e+00,0,2.000000e-01
827,3.885855e-01,2.267105e+00,0,2.000000e-01
828,3.197110e-01,2.242923e+00,0,2.000000e-01
829,3.197110e-01,2.328527e+00,0,2.000000e-01
830,4.332092e-01,2.328527e+00,0,2.000000e-01
831,1.902880e+00,3.490319e-01,0,2.000000e-01
832,1.908982e+00,3.285270e-01,0,2.000000e-01
833,1.756407e+00,3.285270e-01,0,2.000000e-01
834,1.789654e+00,3.461453e-01,0,2.000000e-01
835,1.859729e+00,3.751980e-01,0,2.000000e-01
836,4.927859e-01,1.624118e+00,0,2.000000e-01
837,4.338531e-01,1.545191e+00,0,2.000000e-01
838,3.916372e-01,1.580509e+00,0,2.000000e-01
839,4.156859e-01,1.644270e+00,0,2.000000e-01
840,1.655988e+00,2.326940e+00,0,2.000000e-01
841,1.647271e+00,2.298630e+00,0,2.000000e-01
842,1.584668e+00,2.267237e+00,0,2.000000e-01
843,1.512677e+00,2.262953e+00,0,2.000000e-01
844,1.453987e+00,2.293693e+00,0,2.000000e-01
845,1.458985e+00,2.328527e+00,0,2.000000e-01
846,1.654601e+00,2.328527e+00,0,2.000000e-01
847,1.593266e+00,9.655165e-01,0,2.000000e-01
848,1.568760e+00,9.085258e-01,0,2.000000e-01
849,1.526167e+00,9.286988e-01,0,2.000000e-01
850,1.530973e+00,9.312006e-01,0,2.000000e-01
851,1.537875e+00,9.349482e-01,0,2.000000e-01
852,1.544711e+00,9.388156e-01,0,2.000000e-01
853,1.551478e+00,9.428018e-01,0,2.000000e-01
854,1.558175e+00,9.469054e-01,0,2.000000e-01
855,1.564799e+00,9.511253e-01,0,2.000000e-01
856,1.571348e+00,9.554601e-01,0,2.000000e-01
857,1.577820e+00,9.599086e-01,0,2.000000e-01
858,1.584214e+00,9.644694e-01,0,2.000000e-01
859,1.589469e+00,9.683575e-01,0,2.000000e-01
860,4.338531e-01,1.545191e+00,0,2.000000e-01
861,4.280961e-01,1.474520e+00,0,2.000000e-01
862,4.079563e-01,1.464006e+00,0,2.000000e-01
863,3.356799e-01,1.452106e+00,0,2.000000e-01
864,3.197110e-01,1.459494e+00,0,2.000000e-01
865,3.197110e-01,1.549932e+00,0,2.000000e-01
866,3.197110e-01,1.562317e+00,0,2.000000e-01
867,3.398455e-01,1.577902e+00,0,2.000000e-01
868,3.916372e-01,1.580509e+00,0,2.000000e-01
869,1.941096e+00,1.539555e+00,0,2.000000e-01
870,1.900811e+00,1.442318e+00,0,2.000000e-01
871,1.764014e+00,1.501153e+00,0,2.000000e-01
872,1.856977e+00,1.617230e+00,0,2.000000e-01
873,4.826179e-01,2.154852e+00,0,2.000000e-01
874,4.201546e-01,2.097115e+00,0,2.000000e-01
875,4.035101e-01,2.116753e+00,0,2.000000e-01
876,3.773501e-01,2.166274e+00,0,2.000000e-01
877,4.032626e-01,2.195548e+00,0,2.000000e-01
878,4.580621e-01,2.202232e+00,0,2.000000e-01
879,8.352605e-01,2.225246e+00,0,2.000000e-01
880,8.453191e-01,2.124588e+00,0,2.000000e-01
881,7.914635e-01,2.107276e+00,0,2.000000e-01
882,7.486960e-01,2.124915e+00,0,2.000000e-01
883,7.528653e-01,2.236603e+00,0,2.000000e-01
884,1.834486e+00,2.226621e+00,0,2.000000e-01
885,1.854283e+00,2.145734e+00,0,2.000000e-01
886,1.769324e+00,2.095142e+00,0,2.000000e-01
887,1.703476e+00,2.069863e+00,0,2.000000e-01
888,1.667610e+00,2.137827e+00,0,2.000000e-01
889,1.662673e+00,2.215794e+00,0,2.000000e-01
890,1.671445e+00,2.244840e+00,0,2.000000e-01
891,1.804271e+00,2.250951e+00,0,2.000000e-01
892,8.177795e-01,1.061949e+00,0,2.000000e-01
893,7.436912e-01,1.024693e+00,0,2.000000e-01
894,6.428185e-01,1.106944e+00,0,2.000000e-01
895,7.691945e-01,1.182807e+00,0,2.000000e-01
896,1.846167e+00,1.887950e+00,0,2.000000e-01
897,1.837660e+00,1.849759e+00,0,2.000000e-01
898,1.797449e+00,1.848431e+00,0,2.000000e-01
899,1.732443e+00,1.909464e+00,0,2.000000e-01
900,1.731066e+00,1.924963e+00,0,2.000000e-01
901,1.822245e+00,1.938397e+00,0,2.000000e-01
902,3.460961e-01,6.244958e-01,0,2.000000e-01
903,3.478921e-01,5.381191e-01,0,2.000000e-01
904,3.197110e-01,5.200545e-01,0,2.000000e-01
905,3.197110e-01,6.373036e-01,0,2.000000e-01
906,2.167828e+00,1.984324e+00,0,2.000000e-01
907,2.195360e+00,1.937704e+00,0,2.000000e-01
908,2.126070e+00,1.845358e+00,0,2.000000e-01
909,2.038527e+00,1.894908e+00,0,2.000000e-01
910,2.049358e+00,1.917465e+00,0,2.000000e-01
911,2.163730e+00,1.985938e+00,0,2.000000e-01
912,8.824520e-01,4.789272e-01,0,2.000000e-01
913,8.533008e-01,4.443969e-01,0,2.000000e-01
914,8.099704e-01,4.764973e-01,0,2.000000e-01
915,8.296818e-01,5.348293e-01,0,2.000000e-01
916,2.234343e+00,2.320514e+00,0,2.000000e-01
917,2.177289e+00,2.328527e+00,0,2.000000e-01
918,2.254581e+00,2.328527e+00,0,2.000000e-01
919,1.795305e+00,7.924172e-01,0,2.000000e-01
920,1.791934e+00,7.278811e-01,0,2.000000e-01
921,1.725943e+00,7.349400e-01,0,2.000000e-01
922,1.729136e+00,8.176857e-01,0,2.000000e-01
923,1.789963e+00,8.252144e-01,0,2.000000e-01
924,1.390831e+00,4.995595e-01,0,2.000000e-01
925,1.305673e+00,4.368356e-01,0,2.000000e-01
926,1.286082e+00,4.674060e-01,0,2.000000e-01
927,1.264536e+00,5.425451e-01,0,2.000000e-01
928,1.300136e+00,5.703850e-01,0,2.000000e-01
929,1.344608e+00,5.755846e-01,0,2.000000e-01
930,1.901464e+00,1.073582e+00,0,2.000000e-01
931,1.882652e+00,1.033372e+00,0,2.000000e-01
932,1.801370e+00,1.029228e+00,0,2.000000e-01
933,1.780466e+00,1.050027e+00,0,2.000000e-01
934,1.779327e+00,1.071760e+00,0,2.000000e-01
935,1.854121e+00,1.120332e+00,0,2.000000e-01
936,1.061602e+00,9.599086e-01,0,2.000000e-01
937,1.068074e+00,9.554601e-01,0,2.000000e-01
938,1.074623e+00,9.511253e-01,0,2.000000e-01
939,1.081247e+00,9.469054e-01,0,2.000000e-01
940,1.087944e+00,9.428018e-01,0,2.000000e-01
941,1.094711e+00,9.388156e-01,0,2.000000e-01
942,1.101547e+00,9.349482e-01,0,2.000000e-01
943,1.108449e+00,9.312006e-01,0,2.000000e-01
944,1.115415e+00,9.275741e-01,0,2.000000e-01
945,1.122444e+00,9.240697e-01,0,2.000000e-01
946,1.129533e+00,9.206885e-01,0,2.000000e-01
947,1.136679e+00,9.174316e-01,0,2.000000e-01
948,1.143882e+00,9.142999e-01,0,2.000000e-01
949,1.151138e+00,9.112943e-01,0,2.000000e-01
950,1.158445e+00,9.084159e-01,0,2.000000e-01
951,1.165802e+00,9.056654e-01,0,2.000000e-01
952,1.173205e+00,9.030437e-01,0,2.000000e-01
953,1.180653e+00,9.005516e-01,0,2.000000e-01
954,1.188144e+00,8.981899e-01,0,2.000000e-01
955,1.195674e+00,8.959593e-01,0,2.000000e-01
956,1.203242e+00,8.938604e-01,0,2.000000e-01
957,1.210846e+00,8.918940e-01,0,2.000000e-01
958,1.218483e+00,8.900605e-01,0,2.000000e-01
959,1.226151e+00,8.883606e-01,0,2.000000e-01
960,1.233847e+00,8.867948e-01,0,2.000000e-01
961,1.238052e+00,8.860154e-01,0,2.000000e-01
962,1.233266e+00,8.807034e-01,0,2.000000e-01
963,1.114683e+00,8.661141e-01,0,2.000000e-01
964,1.070788e+00,8.954222e-01,0,2.000000e-01
965,1.058728e+00,9.619586e-01,0,2.000000e-01
966,1.241569e+00,8.853636e-01,0,2.000000e-01
967,1.249315e+00,8.840673e-01,0,2.000000e-01
968,1.257083e+00,8.829064e-01,0,2.000000e-01
969,1.264870e+00,8.818813e-01,0,2.000000e-01
970,1.272673e+00,8.809922e-01,0,2.000000e-01
971,1.280491e+00,8.802394e-01,0,2.000000e-01
972,1.288321e+00,8.796232e-01,0,2.000000e-01
973,1.296160e+00,8.791438e-01,0,2.000000e-01
974,1.304006e+00,8.788012e-01,0,2.000000e-01
975,1.311857e+00,8.785956e-01,0,2.000000e-01
976,1.319711e+00,8.785270e-01,0,2.000000e-01
977,1.327565e+00,8.785956e-01,0,2.000000e-01
978,1.335416e+00,8.788012e-01,0,2.000000e-01
979,1.343262e+00,8.791438e-01,0,2.000000e-01
980,1.351101e+00,8.796232e-01,0,2.000000e-01
981,1.358931e+00,8.802394e-01,0,2.000000e-01
982,1.366749e+00,8.809922e-01,0,2.000000e-01
983,1.374552e+00,8.818813e-01,0,2.000000e-01
984,1.382339e+00,8.829064e-01,0,2.000000e-01
985,1.383421e+00,8.830682e-01,0,2.000000e-01
986,1.386758e+00,8.785956e-01,0,2.000000e-01
987,1.421830e+00,8.315838e-01,0,2.000000e-01
988,1.423676e+00,8.152082e-01,0,2.000000e-01
989,1.348295e+00,7.812105e-01,0,2.000000e-01
990,1.303107e+00,7.858142e-01,0,2.000000e-01
991,1.233266e+00,8.807034e-01,0,2.000000e-01
992,1.238052e+00,8.860154e-01,0,2.000000e-01
993,3.661886e-01,1.232021e+00,0,2.000000e-01
994,3.197110e-01,1.216772e+00,0,2.000000e-01
995,3.197110e-01,1.329805e+00,0,2.000000e-01
996,3.437967e-01,1.331638e+00,0,2.000000e-01
997,1.052654e+00,2.251494e+00,0,2.000000e-01
998,1.038174e+00,2.237367e+00,0,2.000000e-01
999,8.528794e-01,2.308267e+00,0,2.000000e-01
1000,8.284575e-01,2.325823e+00,0,2.000000e-01
1001,8.284436e-01,2.328527e+00,0,2.000000e-01
1002,1.061844e+00,2.328527e+00,0,2.000000e-01
1003,2.055653e+00,1.034629e+00,0,2.000000e-01
1004,1.999777e+00,9.508592e-01,0,2.000000e-01
1005,1.962436e+00,9.990098e-01,0,2.000000e-01
1006,1.974785e+00,1.034302e+00,0,2.000000e-01
1007,2.009984e+00,1.053542e+00,0,2.000000e-01
1008,1.793496e+00,1.345634e+00,0,2.000000e-01
1009,1.768410e+00,1.294533e+00,0,2.000000e-01
1010,1.768615e+00,1.297137e+00,0,2.000000e-01
1011,1.769094e+00,1.304976e+00,0,2.000000e-01
1012,1.769437e+00,1.312822e+00,0,2.000000e-01
1013,1.769642e+00,1.320673e+00,0,2.000000e-01
1014,1.769711e+00,1.328527e+00,0,2.000000e-01
1015,1.769642e+00,1.336381e+00,0,2.000000e-01
1016,1.769437e+00,1.344232e+00,0,2.000000e-01
1017,1.769094e+00,1.352078e+00,0,2.000000e-01
1018,1.768615e+00,1.359917e+00,0,2.000000e-01
1019,1.767999e+00,1.367747e+00,0,2.000000e-01
1020,1.767246e+00,1.375565e+00,0,2.000000e-01
1021,1.766357e+00,1.383368e+00,0,2.000000e-01
1022,1.765332e+00,1.391155e+00,0,2.000000e-01
1023,1.764171e+00,1.398923e+00,0,2.000000e-01
1024,1.762874e+00,1.406669e+00,0,2.000000e-01
1025,1.762082e+00,1.410946e+00,0,2.000000e-01
1026,1.049270e+00,6.537005e-01,0,2.000000e-01
1027,1.028830e+00,6.149804e-01,0,2.000000e-01
1028,9.914458e-01,6.027850e-01,0,2.000000e-01
1029,9.693118e-01,6.347755e-01,0,2.000000e-01
1030,9.840068e-01,6.762029e-01,0,2.000000e-01
1031,1.012139e+00,6.804284e-01,0,2.000000e-01
1032,1.062482e+00,2.102926e+00,0,2.000000e-01
1033,1.076477e+00,2.007104e+00,0,2.000000e-01
1034,9.924389e-01,1.978636e+00,0,2.000000e-01
1035,9.738885e-01,1.976054e+00,0,2.000000e-01
1036,9.455522e-01,2.096826e+00,0,2.000000e-01
1037,1.042741e+00,2.143884e+00,0,2.000000e-01
1038,1.893875e+00,1.835121e+00,0,2.000000e-01
1039,1.931087e+00,1.731752e+00,0,2.000000e-01
1040,1.886610e+00,1.694799e+00,0,2.000000e-01
1041,1.797449e+00,1.848431e+00,0,2.000000e-01
1042,1.837660e+00,1.849759e+00,0,2.000000e-01
1043,1.246541e+00,2.298656e+00,0,2.000000e-01
1044,1.052654e+00,2.251494e+00,0,2.000000e-01
1045,1.061844e+00,2.328527e+00,0,2.000000e-01
1046,1.254773e+00,2.328527e+00,0,2.000000e-01
1047,1.038174e+00,2.237367e+00,0,2.000000e-01
1048,1.042741e+00,2.143884e+00,0,2.000000e-01
1049,9.455522e-01,2.096826e+00,0,2.000000e-01
1050,8.891642e-01,2.098616e+00,0,2.000000e-01
1051,8.453191e-01,2.124588e+00,0,2.000000e-01
1052,8.352605e-01,2.225246e+00,0,2.000000e-01
1053,8.528794e-01,2.308267e+00,0,2.000000e-01
1054,8.901762e-01,1.194415e+00,0,2.000000e-01
1055,8.917355e-01,1.189469e+00,0,2.000000e-01
1056,8.942276e-01,1.182021e+00,0,2.000000e-01
1057,8.968493e-01,1.174618e+00,0,2.000000e-01
1058,8.995998e-01,1.167261e+00,0,2.000000e-01
1059,9.024782e-01,1.159954e+00,0,2.000000e-01
1060,9.054838e-01,1.152698e+00,0,2.000000e-01
1061,9.086155e-01,1.145496e+00,0,2.000000e-01
1062,9.118724e-01,1.138349e+00,0,2.000000e-01
1063,9.152536e-01,1.131260e+00,0,2.000000e-01
1064,9.187580e-01,1.124231e+00,0,2.000000e-01
1065,9.223845e-01,1.117265e+00,0,2.000000e-01
1066,9.261321e-01,1.110363e+00,0,2.000000e-01
1067,9.299995e-01,1.103527e+00,0,2.000000e-01
1068,9.339857e-01,1.096760e+00,0,2.000000e-01
1069,9.380893e-01,1.090063e+00,0,2.000000e-01
1070,9.423092e-01,1.083439e+00,0,2.000000e-01
1071,9.466440e-01,1.076890e+00,0,2.000000e-01
1072,9.510925e-01,1.070418e+00,0,2.000000e-01
1073,9.556533e-01,1.064024e+00,0,2.000000e-01
1074,9.603250e-01,1.057710e+00,0,2.000000e-01
1075,9.651061e-01,1.051479e+00,0,2.000000e-01
1076,9.699953e-01,1.045333e+00,0,2.000000e-01
1077,9.749910e-01,1.039273e+00,0,2.000000e-01
1078,9.800916e-01,1.033300e+00,0,2.000000e-01
1079,9.852958e-01,1.027418e+00,0,2.000000e-01
1080,9.906018e-01,1.021628e+00,0,2.000000e-01
1081,9.954935e-01,1.016473e+00,0,2.000000e-01
1082,9.529899e-01,1.007007e+00,0,2.000000e-01
1083,8.501286e-01,1.009258e+00,0,2.000000e-01
1084,8.177795e-01,1.061949e+00,0,2.000000e-01
1085,7.691945e-01,1.182807e+00,0,2.000000e-01
1086,7.922744e-01,1.214190e+00,0,2.000000e-01
1087,7.914635e-01,2.107276e+00,0,2.000000e-01
1088,8.031326e-01,2.035417e+00,0,2.000000e-01
1089,7.839057e-01,2.013876e+00,0,2.000000e-01
1090,7.030403e-01,2.055960e+00,0,2.000000e-01
1091,7.486960e-01,2.124915e+00,0,2.000000e-01
1092,1.114683e+00,8.661141e-01,0,2.000000e-01
1093,1.086755e+00,7.537098e-01,0,2.000000e-01
1094,1.009715e+00,7.371273e-01,0,2.000000e-01
1095,1.004768e+00,7.629731e-01,0,2.000000e-01
1096,9.981060e-01,8.106045e-01,0,2.000000e-01
1097,1.026264e+00,8.629634e-01,0,2.000000e-01
1098,1.070788e+00,8.954222e-01,0,2.000000e-01
1099,1.305495e+00,2.244791e+00,0,2.000000e-01
1100,1.285653e+00,2.159206e+00,0,2.000000e-01
1101,1.239970e+00,2.103660e+00,0,2.000000e-01
1102,1.062482e+00,2.102926e+00,0,2.000000e-01
1103,1.042741e+00,2.143884e+00,0,2.000000e-01
1104,1.038174e+00,2.237367e+00,0,2.000000e-01
1105,1.052654e+00,2.251494e+00,0,2.000000e-01
1106,1.246541e+00,2.298656e+00,0,2.000000e-01
1107,5.221654e-01,1.697252e+00,0,2.000000e-01
1108,5.184262e-01,1.642736e+00,0,2.000000e-01
1109,4.927859e-01,1.624118e+00,0,2.000000e-01
1110,4.156859e-01,1.644270e+00,0,2.000000e-01
1111,4.040707e-01,1.675898e+00,0,2.000000e-01
1112,4.583524e-01,1.740864e+00,0,2.000000e-01
1113,4.040707e-01,1.675898e+00,0,2.000000e-01
1114,4.156859e-01,1.644270e+00,0,2.000000e-01
1115,3.916372e-01,1.580509e+00,0,2.000000e-01
1116,3.398455e-01,1.577902e+00,0,2.000000e-01
1117,3.213455e-01,1.646578e+00,0,2.000000e-01
1118,3.864817e-01,1.687846e+00,0,2.000000e-01
1119,2.319711e+00,3.378378e-01,0,2.000000e-01
1120,2.284234e+00,3.602371e-01,0,2.000000e-01
1121,2.299805e+00,3.928835e-01,0,2.000000e-01
1122,2.319711e+00,3.997819e-01,0,2.000000e-01
1123,2.000354e+00,6.064399e-01,0,2.000000e-01
1124,2.033150e+00,5.602083e-01,0,2.000000e-01
1125,1.940483e+00,4.916720e-01,0,2.000000e-01
1126,1.845007e+00,4.818071e-01,0,2.000000e-01
1127,1.824932e+00,5.708769e-01,0,2.000000e-01
1128,1.847494e+00,6.368683e-01,0,2.000000e-01
1129,6.677074e-01,1.542735e+00,0,2.000000e-01
1130,6.587453e-01,1.472830e+00,0,2.000000e-01
1131,5.446056e-01,1.422153e+00,0,2.000000e-01
1132,5.007641e-01,1.431201e+00,0,2.000000e-01
1133,4.280961e-01,1.474520e+00,0,2.000000e-01
1134,4.338531e-01,1.545191e+00,0,2.000000e-01
1135,4.927859e-01,1.624118e+00,0,2.000000e-01
1136,5.184262e-01,1.642736e+00,0,2.000000e-01
1137,3.213455e-01,1.646578e+00,0,2.000000e-01
1138,3.398455e-01,1.577902e+00,0,2.000000e-01
1139,3.197110e-01,1.562317e+00,0,2.000000e-01
1140,3.197110e-01,1.647486e+00,0,2.000000e-01
1141,2.319711e+00,1.367026e+00,0,2.000000e-01
1142,2.319711e+00,1.287040e+00,0,2.000000e-01
1143,2.279308e+00,1.272371e+00,0,2.000000e-01
1144,2.270599e+00,1.281638e+00,0,2.000000e-01
1145,2.265979e+00,1.355302e+00,0,2.000000e-01
1146,2.296793e+00,1.373074e+00,0,2.000000e-01
1147,1.568760e+00,9.085258e-01,0,2.000000e-01
1148,1.593217e+00,8.684754e-01,0,2.000000e-01
1149,1.496979e+00,7.256137e-01,0,2.000000e-01
1150,1.423676e+00,8.152082e-01,0,2.000000e-01
1151,1.421830e+00,8.315838e-01,0,2.000000e-01
1152,1.516144e+00,9.236718e-01,0,2.000000e-01
1153,1.516978e+00,9.240697e-01,0,2.000000e-01
1154,1.524007e+00,9.275741e-01,0,2.000000e-01
1155,1.526167e+00,9.286988e-01,0,2.000000e-01
1156,3.369126e-01,3.285270e-01,0,2.000000e-01
1157,3.197110e-01,3.285270e-01,0,2.000000e-01
1158,3.197110e-01,3.467273e-01,0,2.000000e-01
1159,1.703476e+00,2.069863e+00,0,2.000000e-01
1160,1.676245e+00,2.011911e+00,0,2.000000e-01
1161,1.649840e+00,2.012487e+00,0,2.000000e-01
1162,1.609898e+00,2.044826e+00,0,2.000000e-01
1163,1.616287e+00,2.120952e+00,0,2.000000e-01
1164,1.667610e+00,2.137827e+00,0,2.000000e-01
1165,4.978598e-01,2.287990e+00,0,2.000000e-01
1166,4.844698e-01,2.234432e+00,0,2.000000e-01
1167,4.580621e-01,2.202232e+00,0,2.000000e-01
1168,4.032626e-01,2.195548e+00,0,2.000000e-01
1169,3.885855e-01,2.267105e+00,0,2.000000e-01
1170,4.328813e-01,2.315874e+00,0,2.000000e-01
1171,2.252577e+00,1.129893e+00,0,2.000000e-01
1172,2.258284e+00,1.119779e+00,0,2.000000e-01
1173,2.247168e+00,1.002125e+00,0,2.000000e-01
1174,2.109388e+00,1.063314e+00,0,2.000000e-01
1175,2.113417e+00,1.174677e+00,0,2.000000e-01
1176,1.830668e+00,4.208525e-01,0,2.000000e-01
1177,1.859729e+00,3.751980e-01,0,2.000000e-01
1178,1.789654e+00,3.461453e-01,0,2.000000e-01
1179,1.739012e+00,4.050952e-01,0,2.000000e-01
1180,1.794888e+00,4.338620e-01,0,2.000000e-01
1181,2.319711e+00,5.130821e-01,0,2.000000e-01
1182,2.277379e+00,5.113849e-01,0,2.000000e-01
1183,2.258931e+00,5.471859e-01,0,2.000000e-01
1184,2.316306e+00,6.123284e-01,0,2.000000e-01
1185,2.319711e+00,6.129192e-01,0,2.000000e-01
1186,1.676245e+00,2.011911e+00,0,2.000000e-01
1187,1.699781e+00,1.992174e+00,0,2.000000e-01
1188,1.709361e+00,1.969021e+00,0,2.000000e-01
1189,1.610160e+00,1.945112e+00,0,2.000000e-01
1190,1.631992e+00,1.993719e+00,0,2.000000e-01
1191,1.649840e+00,2.012487e+00,0,2.000000e-01
1192,4.740158e-01,1.194993e+00,0,2.000000e-01
1193,5.541164e-01,1.139080e+00,0,2.000000e-01
1194,5.650409e-01,1.116822e+00,0,2.000000e-01
1195,4.601885e-01,9.922460e-01,0,2.000000e-01
1196,3.928140e-01,1.044121e+00,0,2.000000e-01
1197,4.478333e-01,1.201566e+00,0,2.000000e-01
1198,1.865262e+00,8.520957e-01,0,2.000000e-01
1199,1.863019e+00,7.979472e-01,0,2.000000e-01
1200,1.795305e+00,7.924172e-01,0,2.000000e-01
1201,1.789963e+00,8.252144e-01,0,2.000000e-01
1202,1.828200e+00,8.626266e-01,0,2.000000e-01
1203,9.188487e-01,1.715444e+00,0,2.000000e-01
1204,9.049874e-01,1.606401e+00,0,2.000000e-01
1205,7.645647e-01,1.586992e+00,0,2.000000e-01
1206,7.397309e-01,1.601392e+00,0,2.000000e-01
1207,7.305882e-01,1.688168e+00,0,2.000000e-01
1208,7.833909e-01,1.720845e+00,0,2.000000e-01
1209,1.789654e+00,3.461453e-01,0,2.000000e-01
1210,1.756407e+00,3.285270e-01,0,2.000000e-01
1211,1.684602e+00,3.285270e-01,0,2.000000e-01
1212,1.643498e+00,3.683430e-01,0,2.000000e-01
1213,1.739012e+00,4.050952e-01,0,2.000000e-01
1214,4.839077e-01,1.802243e+00,0,2.000000e-01
1215,4.507072e-01,1.751870e+00,0,2.000000e-01
1216,3.983927e-01,1.756005e+00,0,2.000000e-01
1217,3.524062e-01,1.842539e+00,0,2.000000e-01
1218,4.540622e-01,1.901081e+00,0,2.000000e-01
1219,2.311966e+00,2.160369e+00,0,2.000000e-01
1220,2.260657e+00,2.015593e+00,0,2.000000e-01
1221,2.167828e+00,1.984324e+00,0,2.000000e-01
1222,2.163730e+00,1.985938e+00,0,2.000000e-01
1223,2.125276e+00,2.162302e+00,0,2.000000e-01
1224,2.229339e+00,2.207271e+00,0,2.000000e-01
1225,1.507466e+00,4.524056e-01,0,2.000000e-01
1226,1.457757e+00,3.537441e-01,0,2.000000e-01
1227,1.338007e+00,3.688988e-01,0,2.000000e-01
1228,1.294494e+00,3.841762e-01,0,2.000000e-01
1229,1.305673e+00,4.368356e-01,0,2.000000e-01
1230,1.390831e+00,4.995595e-01,0,2.000000e-01
1231,6.413110e-01,1.852056e+00,0,2.000000e-01
1232,6.410948e-01,1.752586e+00,0,2.000000e-01
1233,5.757106e-01,1.745669e+00,0,2.000000e-01
1234,5.411601e-01,1.794411e+00,0,2.000000e-01
1235,5.748963e-01,1.864740e+00,0,2.000000e-01
1236,1.868132e+00,2.318816e+00,0,2.000000e-01
1237,1.796452e+00,2.311604e+00,0,2.000000e-01
1238,1.777199e+00,2.328527e+00,0,2.000000e-01
1239,1.869939e+00,2.328527e+00,0,2.000000e-01
1240,2.134377e+00,8.249211e-01,0,2.000000e-01
1241,2.127092e+00,7.834959e-01,0,2.000000e-01
1242,2.050393e+00,7.603015e-01,0,2.000000e-01
1243,1.952805e+00,8.238408e-01,0,2.000000e-01
1244,1.952109e+00,8.475829e-01,0,2.000000e-01
1245,2.001412e+00,8.958520e-01,0,2.000000e-01
1246,2.319711e+00,7.048450e-01,0,2.000000e-01
1247,2.319711e+00,6.129192e-01,0,2.000000e-01
1248,2.316306e+00,6.123284e-01,0,2.000000e-01
1249,2.252467e+00,6.973582e-01,0,2.000000e-01
1250,2.285412e+00,7.279304e-01,0,2.000000e-01
1251,2.319711e+00,7.354637e-01,0,2.000000e-01
1252,2.115328e+00,6.339816e-01,0,2.000000e-01
1253,2.114008e+00,5.686887e-01,0,2.000000e-01
1254,2.082882e+00,5.414206e-01,0,2.000000e-01
1255,2.033150e+00,5.602083e-01,0,2.000000e-01
1256,2.000354e+00,6.064399e-01,0,2.000000e-01
1257,2.051534e+00,6.607445e-01,0,2.000000e-01
1258,9.476388e-01,7.079686e-01,0,2.000000e-01
1259,9.703063e-01,7.005005e-01,0,2.000000e-01
1260,9.840068e-01,6.762029e-01,0,2.000000e-01
1261,9.693118e-01,6.347755e-01,0,2.000000e-01
1262,8.377431e-01,5.758316e-01,0,2.000000e-01
1263,8.228354e-01,6.661716e-01,0,2.000000e-01
1264,8.883509e-01,7.205380e-01,0,2.000000e-01
1265,1.421830e+00,8.315838e-01,0,2.000000e-01
1266,1.383421e+00,8.830682e-01,0,2.000000e-01
1267,1.390106e+00,8.840673e-01,0,2.000000e-01
1268,1.397853e+00,8.853636e-01,0,2.000000e-01
1269,1.405575e+00,8.867948e-01,0,2.000000e-01
1270,1.413271e+00,8.883606e-01,0,2.000000e-01
1271,1.420939e+00,8.900605e-01,0,2.000000e-01
1272,1.428576e+00,8.918940e-01,0,2.000000e-01
1273,1.436180e+00,8.938604e-01,0,2.000000e-01
1274,1.443748e+00,8.959593e-01,0,2.000000e-01
1275,1.451278e+00,8.981899e-01,0,2.000000e-01
1276,1.458769e+00,9.005516e-01,0,2.000000e-01
1277,1.466217e+00,9.030437e-01,0,2.000000e-01
1278,1.473620e+00,9.056654e-01,0,2.000000e-01
1279,1.480977e+00,9.084159e-01,0,2.000000e-01
1280,1.488284e+00,9.112943e-01,0,2.000000e-01
1281,1.495540e+00,9.142999e-01,0,2.000000e-01
1282,1.502742e+00,9.174316e-01,0,2.000000e-01
1283,1.509889e+00,9.206885e-01,0,2.000000e-01
1284,1.516144e+00,9.236718e-01,0,2.000000e-01
1285,2.319711e+00,1.818407e+00,0,2.000000e-01
1286,2.319711e+00,1.685405e+00,0,2.000000e-01
1287,2.319711e+00,1.681839e+00,0,2.000000e-01
1288,2.296929e+00,1.674982e+00,0,2.000000e-01
1289,2.244763e+00,1.677112e+00,0,2.000000e-01
1290,2.208473e+00,1.766006e+00,0,2.000000e-01
1291,2.265931e+00,1.859349e+00,0,2.000000e-01
1292,2.269522e+00,1.859562e+00,0,2.000000e-01
1293,5.422289e-01,5.326876e-01,0,2.000000e-01
1294,5.678579e-01,5.131966e-01,0,2.000000e-01
1295,4.971008e-01,3.285270e-01,0,2.000000e-01
1296,3.369126e-01,3.285270e-01,0,2.000000e-01
1297,3.197110e-01,3.467273e-01,0,2.000000e-01
1298,3.197110e-01,5.200545e-01,0,2.000000e-01
1299,3.478921e-01,5.381191e-01,0,2.000000e-01
1300,4.627424e-01,5.702168e-01,0,2.000000e-01
1301,1.012139e+00,6.804284e-01,0,2.000000e-01
1302,9.840068e-01,6.762029e-01,0,2.000000e-01
1303,9.703063e-01,7.005005e-01,0,2.000000e-01
1304,9.994142e-01,7.115809e-01,0,2.000000e-01
1305,1.287234e+00,1.846658e+00,0,2.000000e-01
1306,1.394741e+00,1.772211e+00,0,2.000000e-01
1307,1.390106e+00,1.772987e+00,0,2.000000e-01
1308,1.382339e+00,1.774148e+00,0,2.000000e-01
1309,1.374552e+00,1.775173e+00,0,2.000000e-01
1310,1.366749e+00,1.776062e+00,0,2.000000e-01
1311,1.358931e+00,1.776815e+00,0,2.000000e-01
1312,1.351101e+00,1.777431e+00,0,2.000000e-01
1313,1.343262e+00,1.777910e+00,0,2.000000e-01
1314,1.335416e+00,1.778253e+00,0,2.000000e-01
1315,1.327565e+00,1.778459e+00,0,2.000000e-01
1316,1.319711e+00,1.778527e+00,0,2.000000e-01
1317,1.311857e+00,1.778459e+00,0,2.000000e-01
1318,1.304006e+00,1.778253e+00,0,2.000000e-01
1319,1.296160e+00,1.777910e+00,0,2.000000e-01
1320,1.288321e+00,1.777431e+00,0,2.000000e-01
1321,1.280491e+00,1.776815e+00,0,2.000000e-01
1322,1.272673e+00,1.776062e+00,0,2.000000e-01
1323,1.264870e+00,1.775173e+00,0,2.000000e-01
1324,1.257083e+00,1.774148e+00,0,2.000000e-01
1325,1.249315e+00,1.772987e+00,0,2.000000e-01
1326,1.241569e+00,1.771691e+00,0,2.000000e-01
1327,1.233847e+00,1.770259e+00,0,2.000000e-01
1328,1.226151e+00,1.768693e+00,0,2.000000e-01
1329,1.218483e+00,1.766994e+00,0,2.000000e-01
1330,1.210846e+00,1.765160e+00,0,2.000000e-01
1331,1.203242e+00,1.763194e+00,0,2.000000e-01
1332,1.195674e+00,1.761095e+00,0,2.000000e-01
1333,1.188144e+00,1.758864e+00,0,2.000000e-01
1334,1.180653e+00,1.756502e+00,0,2.000000e-01
1335,1.173205e+00,1.754010e+00,0,2.000000e-01
1336,1.165802e+00,1.751389e+00,0,2.000000e-01
1337,1.158445e+00,1.748638e+00,0,2.000000e-01
1338,1.151138e+00,1.745760e+00,0,2.000000e-01
1339,1.143882e+00,1.742754e+00,0,2.000000e-01
1340,1.136679e+00,1.739623e+00,0,2.000000e-01
1341,1.129533e+00,1.736366e+00,0,2.000000e-01
1342,1.122444e+00,1.732984e+00,0,2.000000e-01
1343,1.115415e+00,1.729480e+00,0,2.000000e-01
1344,1.113138e+00,1.728295e+00,0,2.000000e-01
1345,1.171139e+00,1.867771e+00,0,2.000000e-01
1346,2.319711e+00,1.999489e+00,0,2.000000e-01
1347,2.319711e+00,1.960115e+00,0,2.000000e-01
1348,2.319711e+00,1.898779e+00,0,2.000000e-01
1349,2.269522e+00,1.859562e+00,0,2.000000e-01
1350,2.265931e+00,1.859349e+00,0,2.000000e-01
1351,2.195360e+00,1.937704e+00,0,2.000000e-01
1352,2.167828e+00,1.984324e+00,0,2.000000e-01
1353,2.260657e+00,2.015593e+00,0,2.000000e-01
1354,1.865216e+00,2.139457e+00,0,2.000000e-01
1355,1.861894e+00,2.030215e+00,0,2.000000e-01
1356,1.786954e+00,2.021605e+00,0,2.000000e-01
1357,1.769324e+00,2.095142e+00,0,2.000000e-01
1358,1.854283e+00,2.145734e+00,0,2.000000e-01
1359,7.833909e-01,1.720845e+00,0,2.000000e-01
1360,7.305882e-01,1.688168e+00,0,2.000000e-01
1361,7.115872e-01,1.726092e+00,0,2.000000e-01
1362,7.428780e-01,1.764328e+00,0,2.000000e-01
1363,2.265931e+00,1.859349e+00,0,2.000000e-01
1364,2.208473e+00,1.766006e+00,0,2.000000e-01
1365,2.153554e+00,1.760157e+00,0,2.000000e-01
1366,2.126070e+00,1.845358e+00,0,2.000000e-01
1367,2.195360e+00,1.937704e+00,0,2.000000e-01
1368,2.045672e+00,3.285270e-01,0,2.000000e-01
1369,1.908982e+00,3.285270e-01,0,2.000000e-01
1370,1.902880e+00,3.490319e-01,0,2.000000e-01
1371,1.955439e+00,3.807242e-01,0,2.000000e-01
1372,2.014647e+00,4.030867e-01,0,2.000000e-01
1373,6.448054e-01,1.883184e+00,0,2.000000e-01
1374,6.413110e-01,1.852056e+00,0,2.000000e-01
1375,5.748963e-01,1.864740e+00,0,2.000000e-01
1376,5.905239e-01,1.909959e+00,0,2.000000e-01
1377,6.203243e-01,1.919106e+00,0,2.000000e-01
1378,1.364935e+00,6.184032e-01,0,2.000000e-01
1379,1.344608e+00,5.755846e-01,0,2.000000e-01
1380,1.300136e+00,5.703850e-01,0,2.000000e-01
1381,1.285431e+00,6.406853e-01,0,2.000000e-01
1382,1.332206e+00,6.474612e-01,0,2.000000e-01
1383,7.705380e-01,1.352098e+00,0,2.000000e-01
1384,7.922744e-01,1.214190e+00,0,2.000000e-01
1385,7.691945e-01,1.182807e+00,0,2.000000e-01
1386,6.428185e-01,1.106944e+00,0,2.000000e-01
1387,5.650409e-01,1.116822e+00,0,2.000000e-01
1388,5.541164e-01,1.139080e+00,0,2.000000e-01
1389,5.721269e-01,1.289749e+00,0,2.000000e-01
1390,5.955680e-01,1.347351e+00,0,2.000000e-01
1391,6.729810e-01,1.409810e+00,0,2.000000e-01
1392,1.384208e+00,2.244502e+00,0,2.000000e-01
1393,1.416537e+00,2.115770e+00,0,2.000000e-01
1394,1.373982e+00,2.073140e+00,0,2.000000e-01
1395,1.285653e+00,2.159206e+00,0,2.000000e-01
1396,1.305495e+00,2.244791e+00,0,2.000000e-01
1397,2.009984e+00,1.053542e+00,0,2.000000e-01
1398,1.974785e+00,1.034302e+00,0,2.000000e-01
1399,1.945613e+00,1.074591e+00,0,2.000000e-01
1400,1.983836e+00,1.104071e+00,0,2.000000e-01
1401,1.457757e+00,3.537441e-01,0,2.000000e-01
1402,1.463347e+00,3.285270e-01,0,2.000000e-01
1403,1.287789e+00,3.285270e-01,0,2.000000e-01
1404,1.338007e+00,3.688988e-01,0,2.000000e-01
1405,1.655988e+00,2.326940e+00,0,2.000000e-01
1406,1.654601e+00,2.328527e+00,0,2.000000e-01
1407,1.658640e+00,2.328527e+00,0,2.000000e-01
1408,4.456608e-01,8.555743e-01,0,2.000000e-01
1409,3.951207e-01,7.246286e-01,0,2.000000e-01
1410,3.197110e-01,7.124171e-01,0,2.000000e-01
1411,3.197110e-01,9.130140e-01,0,2.000000e-01
1412,3.197110e-01,9.163463e-01,0,2.000000e-01
1413,4.233858e-01,9.173077e-01,0,2.000000e-01
1414,7.385302e-01,7.301233e-01,0,2.000000e-01
1415,6.892388e-01,6.652698e-01,0,2.000000e-01
1416,6.429340e-01,7.049786e-01,0,2.000000e-01
1417,6.396116e-01,7.350179e-01,0,2.000000e-01
1418,7.372985e-01,7.376269e-01,0,2.000000e-01
1419,4.507072e-01,1.751870e+00,0,2.000000e-01
1420,4.583524e-01,1.740864e+00,0,2.000000e-01
1421,4.040707e-01,1.675898e+00,0,2.000000e-01
1422,3.864817e-01,1.687846e+00,0,2.000000e-01
1423,3.723501e-01,1.737023e+00,0,2.000000e-01
1424,3.983927e-01,1.756005e+00,0,2.000000e-01
1425,1.731066e+00,1.924963e+00,0,2.000000e-01
1426,1.732443e+00,1.909464e+00,0,2.000000e-01
1427,1.575349e+00,1.884047e+00,0,2.000000e-01
1428,1.610160e+00,1.945112e+00,0,2.000000e-01
1429,1.709361e+00,1.969021e+00,0,2.000000e-01
1430,5.905239e-01,1.909959e+00,0,2.000000e-01
1431,5.748963e-01,1.864740e+00,0,2.000000e-01
1432,5.411601e-01,1.794411e+00,0,2.000000e-01
1433,4.839077e-01,1.802243e+00,0,2.000000e-01
1434,4.540622e-01,1.901081e+00,0,2.000000e-01
1435,4.578566e-01,1.911987e+00,0,2.000000e-01
1436,5.290917e-01,1.942984e+00,0,2.000000e-01
1437,1.880503e+00,7.704559e-01,0,2.000000e-01
1438,1.827067e+00,7.010103e-01,0,2.000000e-01
1439,1.791934e+00,7.278811e-01,0,2.000000e-01
1440,1.795305e+00,7.924172e-01,0,2.000000e-01
1441,1.863019e+00,7.979472e-01,0,2.000000e-01
1442,2.177919e+00,3.285270e-01,0,2.000000e-01
1443,2.045672e+00,3.285270e-01,0,2.000000e-01
1444,2.014647e+00,4.030867e-01,0,2.000000e-01
1445,2.055839e+00,4.277181e-01,0,2.000000e-01
1446,3.524062e-01,1.842539e+00,0,2.000000e-01
1447,3.983927e-01,1.756005e+00,0,2.000000e-01
1448,3.723501e-01,1.737023e+00,0,2.000000e-01
1449,3.197110e-01,1.734413e+00,0,2.000000e-01
1450,3.197110e-01,1.762659e+00,0,2.000000e-01
1451,3.197110e-01,1.849758e+00,0,2.000000e-01
1452,2.319711e+00,1.999489e+00,0,2.000000e-01
1453,2.260657e+00,2.015593e+00,0,2.000000e-01
1454,2.311966e+00,2.160369e+00,0,2.000000e-01
1455,2.319711e+00,2.161985e+00,0,2.000000e-01
1456,1.801370e+00,1.029228e+00,0,2.000000e-01
1457,1.828200e+00,8.626266e-01,0,2.000000e-01
1458,1.789963e+00,8.252144e-01,0,2.000000e-01
1459,1.729136e+00,8.176857e-01,0,2.000000e-01
1460,1.648411e+00,8.783655e-01,0,2.000000e-01
1461,1.638576e+00,9.562462e-01,0,2.000000e-01
1462,1.693860e+00,1.009865e+00,0,2.000000e-01
1463,1.780466e+00,1.050027e+00,0,2.000000e-01
1464,2.319711e+00,1.818407e+00,0,2.000000e-01
1465,2.269522e+00,1.859562e+00,0,2.000000e-01
1466,2.319711e+00,1.898779e+00,0,2.000000e-01
1467,2.319711e+00,1.581010e+00,0,2.000000e-01
1468,2.303777e+00,1.584215e+00,0,2.000000e-01
1469,2.296929e+00,1.674982e+00,0,2.000000e-01
1470,2.319711e+00,1.681839e+00,0,2.000000e-01
1471,1.997876e+00,2.287474e+00,0,2.000000e-01
1472,1.924704e+00,2.256880e+00,0,2.000000e-01
1473,1.885421e+00,2.277288e+00,0,2.000000e-01
1474,1.868132e+00,2.318816e+00,0,2.000000e-01
1475,1.869939e+00,2.328527e+00,0,2.000000e-01
1476,1.995868e+00,2.328527e+00,0,2.000000e-01
1477,1.610160e+00,1.945112e+00,0,2.000000e-01
1478,1.575349e+00,1.884047e+00,0,2.000000e-01
1479,1.455766e+00,1.816158e+00,0,2.000000e-01
1480,1.485709e+00,1.954113e+00,0,2.000000e-01
1481,1.631992e+00,1.993719e+00,0,2.000000e-01
1482,4.032626e-01,2.195548e+00,0,2.000000e-01
1483,3.773501e-01,2.166274e+00,0,2.000000e-01
1484,3.279420e-01,2.175481e+00,0,2.000000e-01
1485,3.197110e-01,2.182229e+00,0,2.000000e-01
1486,3.197110e-01,2.242923e+00,0,2.000000e-01
1487,3.885855e-01,2.267105e+00,0,2.000000e-01
1488,9.455522e-01,2.096826e+00,0,2.000000e-01
1489,9.738885e-01,1.976054e+00,0,2.000000e-01
1490,9.188835e-01,1.950365e+00,0,2.000000e-01
1491,8.372445e-01,2.040311e+00,0,2.000000e-01
1492,8.891642e-01,2.098616e+00,0,2.000000e-01
1493,8.528794e-01,2.308267e+00,0,2.000000e-01
1494,8.352605e-01,2.225246e+00,0,2.000000e-01
1495,7.528653e-01,2.236603e+00,0,2.000000e-01
1496,7.497398e-01,2.271609e+00,0,2.000000e-01
1497,8.284575e-01,2.325823e+00,0,2.000000e-01
1498,4.496992e-01,6.509741e-01,0,2.000000e-01
1499,4.627424e-01,5.702168e-01,0,2.000000e-01
1500,3.478921e-01,5.381191e-01,0,2.000000e-01
1501,3.460961e-01,6.244958e-01,0,2.000000e-01
1502,4.129793e-01,6.764830e-01,0,2.000000e-01
1503,2.091336e+00,2.265693e+00,0,2.000000e-01
1504,1.997876e+00,2.287474e+00,0,2.000000e-01
1505,1.995868e+00,2.328527e+00,0,2.000000e-01
1506,2.130644e+00,2.328527e+00,0,2.000000e-01
1507,1.616287e+00,2.120952e+00,0,2.000000e-01
1508,1.609898e+00,2.044826e+00,0,2.000000e-01
1509,1.519588e+00,2.070191e+00,0,2.000000e-01
1510,1.507478e+00,2.089080e+00,0,2.000000e-01
1511,1.539923e+00,2.153323e+00,0,2.000000e-01
1512,1.594968e+00,2.153369e+00,0,2.000000e-01
1513,8.684999e-01,1.909928e+00,0,2.000000e-01
1514,8.659511e-01,1.894067e+00,0,2.000000e-01
1515,7.591710e-01,1.816883e+00,0,2.000000e-01
1516,7.162768e-01,1.867679e+00,0,2.000000e-01
1517,7.342600e-01,1.934526e+00,0,2.000000e-01
1518,7.957211e-01,1.959064e+00,0,2.000000e-01
1519,2.319711e+00,3.378378e-01,0,2.000000e-01
1520,2.319711e+00,3.285270e-01,0,2.000000e-01
1521,2.236280e+00,3.285270e-01,0,2.000000e-01
1522,2.284234e+00,3.602371e-01,0,2.000000e-01
1523,5.268691e-01,2.222982e+00,0,2.000000e-01
1524,5.114466e-01,2.151798e+00,0,2.000000e-01
1525,4.826179e-01,2.154852e+00,0,2.000000e-01
1526,4.580621e-01,2.202232e+00,0,2.000000e-01
1527,4.844698e-01,2.234432e+00,0,2.000000e-01
1528,2.072763e+00,1.441427e+00,0,2.000000e-01
1529,2.073698e+00,1.432259e+00,0,2.000000e-01
1530,2.048768e+00,1.402424e+00,0,2.000000e-01
1531,1.995992e+00,1.402238e+00,0,2.000000e-01
1532,1.983400e+00,1.504039e+00,0,2.000000e-01
1533,8.501286e-01,1.009258e+00,0,2.000000e-01
1534,7.949254e-01,9.774192e-01,0,2.000000e-01
1535,7.436912e-01,1.024693e+00,0,2.000000e-01
1536,8.177795e-01,1.061949e+00,0,2.000000e-01
1537,1.009715e+00,7.371273e-01,0,2.000000e-01
1538,9.994142e-01,7.115809e-01,0,2.000000e-01
1539,9.703063e-01,7.005005e-01,0,2.000000e-01
1540,9.476388e-01,7.079686e-01,0,2.000000e-01
1541,9.606288e-01,7.598136e-01,0,2.000000e-01
1542,1.004768e+00,7.629731e-01,0,2.000000e-01
1543,2.109717e+00,1.223697e+00,0,2.000000e-01
1544,2.106475e+00,1.184124e+00,0,2.000000e-01
1545,1.991055e+00,1.141301e+00,0,2.000000e-01
1546,1.877443e+00,1.167876e+00,0,2.000000e-01
1547,1.852664e+00,1.212021e+00,0,2.000000e-01
1548,1.844054e+00,1.262568e+00,0,2.000000e-01
1549,1.846805e+00,1.285058e+00,0,2.000000e-01
1550,1.986794e+00,1.401714e+00,0,2.000000e-01
1551,1.995992e+00,1.402238e+00,0,2.000000e-01
1552,2.048768e+00,1.402424e+00,0,2.000000e-01
1553,9.540778e-01,8.079799e-01,0,2.000000e-01
1554,9.606288e-01,7.598136e-01,0,2.000000e-01
1555,9.476388e-01,7.079686e-01,0,2.000000e-01
1556,8.883509e-01,7.205380e-01,0,2.000000e-01
1557,8.705179e-01,7.728295e-01,0,2.000000e-01
1558,8.802348e-01,7.918488e-01,0,2.000000e-01
1559,9.275223e-01,8.112138e-01,0,2.000000e-01
1560,1.738467e+00,5.309859e-01,0,2.000000e-01
1561,1.794888e+00,4.338620e-01,0,2.000000e-01
1562,1.739012e+00,4.050952e-01,0,2.000000e-01
1563,1.643498e+00,3.683430e-01,0,2.000000e-01
1564,1.607748e+00,3.672050e-01,0,2.000000e-01
1565,1.516448e+00,4.557331e-01,0,2.000000e-01
1566,1.590784e+00,5.948945e-01,0,2.000000e-01
1567,1.845007e+00,4.818071e-01,0,2.000000e-01
1568,1.830668e+00,4.208525e-01,0,2.000000e-01
1569,1.794888e+00,4.338620e-01,0,2.000000e-01
1570,1.738467e+00,5.309859e-01,0,2.000000e-01
1571,1.824932e+00,5.708769e-01,0,2.000000e-01
1572,9.300721e-01,1.797369e+00,0,2.000000e-01
1573,9.346873e-01,1.731655e+00,0,2.000000e-01
1574,9.188487e-01,1.715444e+00,0,2.000000e-01
1575,7.833909e-01,1.720845e+00,0,2.000000e-01
1576,7.428780e-01,1.764328e+00,0,2.000000e-01
1577,7.591710e-01,1.816883e+00,0,2.000000e-01
1578,8.659511e-01,1.894067e+00,0,2.000000e-01
1579,1.338007e+00,3.688988e-01,0,2.000000e-01
1580,1.287789e+00,3.285270e-01,0,2.000000e-01
1581,1.281268e+00,3.285270e-01,0,2.000000e-01
1582,1.277589e+00,3.687294e-01,0,2.000000e-01
1583,1.294494e+00,3.841762e-01,0,2.000000e-01
1584,1.609898e+00,2.044826e+00,0,2.000000e-01
1585,1.649840e+00,2.012487e+00,0,2.000000e-01
1586,1.631992e+00,1.993719e+00,0,2.000000e-01
1587,1.485709e+00,1.954113e+00,0,2.000000e-01
1588,1.474955e+00,2.006177e+00,0,2.000000e-01
1589,1.519588e+00,2.070191e+00,0,2.000000e-01
1590,1.671445e+00,2.244840e+00,0,2.000000e-01
1591,1.662673e+00,2.215794e+00,0,2.000000e-01
1592,1.607100e+00,2.195378e+00,0,2.000000e-01
1593,1.586944e+00,2.223824e+00,0,2.000000e-01
1594,1.584668e+00,2.267237e+00,0,2.000000e-01
1595,1.647271e+00,2.298630e+00,0,2.000000e-01
1596,2.211444e+00,1.613227e+00,0,2.000000e-01
1597,2.242453e+00,1.576056e+00,0,2.000000e-01
1598,2.234354e+00,1.480668e+00,0,2.000000e-01
1599,2.186224e+00,1.435897e+00,0,2.000000e-01
1600,2.073698e+00,1.432259e+00,0,2.000000e-01
1601,2.072763e+00,1.441427e+00,0,2.000000e-01
1602,2.148393e+00,1.613319e+00,0,2.000000e-01
1603,9.914458e-01,6.027850e-01,0,2.000000e-01
1604,9.816850e-01,5.645965e-01,0,2.000000e-01
1605,8.824520e-01,4.789272e-01,0,2.000000e-01
1606,8.296818e-01,5.348293e-01,0,2.000000e-01
1607,8.377431e-01,5.758316e-01,0,2.000000e-01
1608,9.693118e-01,6.347755e-01,0,2.000000e-01
1609,3.928140e-01,1.044121e+00,0,2.000000e-01
1610,4.601885e-01,9.922460e-01,0,2.000000e-01
1611,4.233858e-01,9.173077e-01,0,2.000000e-01
1612,3.197110e-01,9.163463e-01,0,2.000000e-01
1613,3.197110e-01,1.075931e+00,0,2.000000e-01
1614,5.721269e-01,1.289749e+00,0,2.000000e-01
1615,5.541164e-01,1.139080e+00,0,2.000000e-01
1616,4.740158e-01,1.194993e+00,0,2.000000e-01
1617,4.816367e-01,1.305066e+00,0,2.000000e-01
1618,1.004768e+00,7.629731e-01,0,2.000000e-01
1619,9.606288e-01,7.598136e-01,0,2.000000e-01
1620,9.540778e-01,8.079799e-01,0,2.000000e-01
1621,9.981060e-01,8.106045e-01,0,2.000000e-01
1622,1.852664e+00,1.212021e+00,0,2.000000e-01
1623,1.792250e+00,1.193080e+00,0,2.000000e-01
1624,1.781783e+00,1.251442e+00,0,2.000000e-01
1625,1.844054e+00,1.262568e+00,0,2.000000e-01
1626,4.626993e-01,1.340747e+00,0,2.000000e-01
1627,4.816367e-01,1.305066e+00,0,2.000000e-01
1628,4.740158e-01,1.194993e+00,0,2.000000e-01
1629,4.478333e-01,1.201566e+00,0,2.000000e-01
1630,3.661886e-01,1.232021e+00,0,2.000000e-01
1631,3.437967e-01,1.331638e+00,0,2.000000e-01
1632,3.502598e-01,1.348350e+00,0,2.000000e-01
1633,4.181202e-01,1.365667e+00,0,2.000000e-01
1634,1.962436e+00,9.990098e-01,0,2.000000e-01
1635,1.999777e+00,9.508592e-01,0,2.000000e-01
1636,2.001412e+00,8.958520e-01,0,2.000000e-01
1637,1.952109e+00,8.475829e-01,0,2.000000e-01
1638,1.865262e+00,8.520957e-01,0,2.000000e-01
1639,1.828200e+00,8.626266e-01,0,2.000000e-01
1640,1.801370e+00,1.029228e+00,0,2.000000e-01
1641,1.882652e+00,1.033372e+00,0,2.000000e-01
1642,8.830779e-01,1.437392e+00,0,2.000000e-01
1643,8.812444e-01,1.429755e+00,0,2.000000e-01
1644,8.795445e-01,1.422087e+00,0,2.000000e-01
1645,8.779787e-01,1.414391e+00,0,2.000000e-01
1646,8.765475e-01,1.406669e+00,0,2.000000e-01
1647,8.752512e-01,1.398923e+00,0,2.000000e-01
1648,8.740903e-01,1.391155e+00,0,2.000000e-01
1649,8.730652e-01,1.383368e+00,0,2.000000e-01
1650,8.721761e-01,1.375565e+00,0,2.000000e-01
1651,8.714233e-01,1.367747e+00,0,2.000000e-01
1652,8.708071e-01,1.359917e+00,0,2.000000e-01
1653,8.703277e-01,1.352078e+00,0,2.000000e-01
1654,8.699851e-01,1.344232e+00,0,2.000000e-01
1655,8.697795e-01,1.336381e+00,0,2.000000e-01
1656,8.697110e-01,1.328527e+00,0,2.000000e-01
1657,8.697795e-01,1.320673e+00,0,2.000000e-01
1658,8.699851e-01,1.312822e+00,0,2.000000e-01
1659,8.703277e-01,1.304976e+00,0,2.000000e-01
1660,8.708071e-01,1.297137e+00,0,2.000000e-01
1661,8.714233e-01,1.289307e+00,0,2.000000e-01
1662,8.721761e-01,1.281489e+00,0,2.000000e-01
1663,8.730652e-01,1.273686e+00,0,2.000000e-01
1664,8.740903e-01,1.265899e+00,0,2.000000e-01
1665,8.752512e-01,1.258132e+00,0,2.000000e-01
1666,8.765475e-01,1.250385e+00,0,2.000000e-01
1667,8.779787e-01,1.242663e+00,0,2.000000e-01
1668,8.795445e-01,1.234967e+00,0,2.000000e-01
1669,8.812444e-01,1.227299e+00,0,2.000000e-01
1670,8.830779e-01,1.219662e+00,0,2.000000e-01
1671,8.850443e-01,1.212058e+00,0,2.000000e-01
1672,8.871432e-01,1.204490e+00,0,2.000000e-01
1673,8.893738e-01,1.196960e+00,0,2.000000e-01
1674,8.901762e-01,1.194415e+00,0,2.000000e-01
1675,8.030140e-01,1.212021e+00,0,2.000000e-01
1676,7.922744e-01,1.214190e+00,0,2.000000e-01
1677,7.705380e-01,1.352098e+00,0,2.000000e-01
1678,7.987101e-01,1.397820e+00,0,2.000000e-01
1679,8.842499e-01,1.441924e+00,0,2.000000e-01
1680,1.779327e+00,1.071760e+00,0,2.000000e-01
1681,1.780466e+00,1.050027e+00,0,2.000000e-01
1682,1.693860e+00,1.009865e+00,0,2.000000e-01
1683,1.660362e+00,1.034509e+00,0,2.000000e-01
1684,1.664431e+00,1.039273e+00,0,2.000000e-01
1685,1.669427e+00,1.045333e+00,0,2.000000e-01
1686,1.674316e+00,1.051479e+00,0,2.000000e-01
1687,1.679097e+00,1.057710e+00,0,2.000000e-01
1688,1.683769e+00,1.064024e+00,0,2.000000e-01
1689,1.688329e+00,1.070418e+00,0,2.000000e-01
1690,1.692778e+00,1.076890e+00,0,2.000000e-01
1691,1.697113e+00,1.083439e+00,0,2.000000e-01
1692,1.701333e+00,1.090063e+00,0,2.000000e-01
1693,1.705436e+00,1.096760e+00,0,2.000000e-01
1694,1.709422e+00,1.103527e+00,0,2.000000e-01
1695,1.713290e+00,1.110363e+00,0,2.000000e-01
1696,1.717037e+00,1.117265e+00,0,2.000000e-01
1697,1.720664e+00,1.124231e+00,0,2.000000e-01
1698,1.724168e+00,1.131260e+00,0,2.000000e-01
1699,1.726551e+00,1.136255e+00,0,2.000000e-01
1700,2.279308e+00,1.272371e+00,0,2.000000e-01
1701,2.252577e+00,1.129893e+00,0,2.000000e-01
1702,2.113417e+00,1.174677e+00,0,2.000000e-01
1703,2.106475e+00,1.184124e+00,0,2.000000e-01
1704,2.109717e+00,1.223697e+00,0,2.000000e-01
1705,2.270599e+00,1.281638e+00,0,2.000000e-01
1706,2.152886e+00,7.175160e-01,0,2.000000e-01
1707,2.115328e+00,6.339816e-01,0,2.000000e-01
1708,2.051534e+00,6.607445e-01,0,2.000000e-01
1709,2.050393e+00,7.603015e-01,0,2.000000e-01
1710,2.127092e+00,7.834959e-01,0,2.000000e-01
1712,1.194508e+00,5.340141e-01,0,2.000000e-01
1713,1.203400e+00,4.709095e-01,0,2.000000e-01
1714,1.200985e+00,3.859498e-01,0,2.000000e-01
1715,1.144742e+00,3.285270e-01,0,2.000000e-01
1716,9.471933e-01,3.285270e-01,0,2.000000e-01
1717,8.795084e-01,3.744041e-01,0,2.000000e-01
1718,8.533008e-01,4.443969e-01,0,2.000000e-01
1719,8.824520e-01,4.789272e-01,0,2.000000e-01
1720,9.816850e-01,5.645965e-01,0,2.000000e-01
1721,1.036503e+00,5.875554e-01,0,2.000000e-01
1722,1.110011e+00,4.385270e-01,0,2.000000e-01
1723,1.107074e+00,4.570681e-01,0,2.000000e-01
1724,1.098552e+00,4.737942e-01,0,2.000000e-01
1725,1.085278e+00,4.870681e-01,0,2.000000e-01
1726,1.068552e+00,4.955904e-01,0,2.000000e-01
1727,1.050011e+00,4.985270e-01,0,2.000000e-01
1728,1.031470e+00,4.955904e-01,0,2.000000e-01
1729,1.014744e+00,4.870681e-01,0,2.000000e-01
1730,1.001470e+00,4.737942e-01,0,2.000000e-01
1731,9.929476e-01,4.570681e-01,0,2.000000e-01
1732,9.900110e-01,4.385270e-01,0,2.000000e-01
1733,9.929476e-01,4.199860e-01,0,2.000000e-01
1734,1.001470e+00,4.032599e-01,0,2.000000e-01
1735,1.014744e+00,3.899860e-01,0,2.000000e-01
1736,1.031470e+00,3.814637e-01,0,2.000000e-01
1737,1.050011e+00,3.785270e-01,0,2.000000e-01
1738,1.068552e+00,3.814637e-01,0,2.000000e-01
1739,1.085278e+00,3.899860e-01,0,2.000000e-01
1740,1.098552e+00,4.032599e-01,0,2.000000e-01
1741,1.107074e+00,4.199860e-01,0,2.000000e-01
1743,1.886610e+00,1.694799e+00,0,2.000000e-01
1744,1.856977e+00,1.617230e+00,0,2.000000e-01
1745,1.764014e+00,1.501153e+00,0,2.000000e-01
1746,1.740554e+00,1.487835e+00,0,2.000000e-01
1747,1.739822e+00,1.489793e+00,0,2.000000e-01
1748,1.736944e+00,1.497100e+00,0,2.000000e-01
1749,1.733938e+00,1.504356e+00,0,2.000000e-01
1750,1.730806e+00,1.511559e+00,0,2.000000e-01
1751,1.727549e+00,1.518705e+00,0,2.000000e-01
1752,1.724168e+00,1.525794e+00,0,2.000000e-01
1753,1.720664e+00,1.532823e+00,0,2.000000e-01
1754,1.717037e+00,1.539789e+00,0,2.000000e-01
1755,1.713290e+00,1.546691e+00,0,2.000000e-01
1756,1.709422e+00,1.553527e+00,0,2.000000e-01
1757,1.705436e+00,1.560294e+00,0,2.000000e-01
1758,1.701333e+00,1.566991e+00,0,2.000000e-01
1759,1.697113e+00,1.573615e+00,0,2.000000e-01
1760,1.692778e+00,1.580164e+00,0,2.000000e-01
1761,1.688329e+00,1.586636e+00,0,2.000000e-01
1762,1.683769e+00,1.593030e+00,0,2.000000e-01
1763,1.679097e+00,1.599344e+00,0,2.000000e-01
1764,1.674316e+00,1.605575e+00,0,2.000000e-01
1765,1.669427e+00,1.611721e+00,0,2.000000e-01
1766,1.664431e+00,1.617781e+00,0,2.000000e-01
1767,1.659330e+00,1.623754e+00,0,2.000000e-01
1768,1.654126e+00,1.629636e+00,0,2.000000e-01
1769,1.648820e+00,1.635426e+00,0,2.000000e-01
1770,1.643414e+00,1.641123e+00,0,2.000000e-01
1771,1.637909e+00,1.646725e+00,0,2.000000e-01
1772,1.632307e+00,1.652230e+00,0,2.000000e-01
1773,1.626610e+00,1.657636e+00,0,2.000000e-01
1774,1.620820e+00,1.662942e+00,0,2.000000e-01
1775,1.614938e+00,1.668146e+00,0,2.000000e-01
1776,1.608965e+00,1.673247e+00,0,2.000000e-01
1777,1.602905e+00,1.678243e+00,0,2.000000e-01
1778,1.596759e+00,1.683132e+00,0,2.000000e-01
1779,1.590528e+00,1.687913e+00,0,2.000000e-01
1780,1.584214e+00,1.692585e+00,0,2.000000e-01
1781,1.577820e+00,1.697145e+00,0,2.000000e-01
1782,1.571348e+00,1.701594e+00,0,2.000000e-01
1783,1.564799e+00,1.705929e+00,0,2.000000e-01
1784,1.558175e+00,1.710149e+00,0,2.000000e-01
1785,1.551478e+00,1.714252e+00,0,2.000000e-01
1786,1.544711e+00,1.718238e+00,0,2.000000e-01
1787,1.537875e+00,1.722106e+00,0,2.000000e-01
1788,1.530973e+00,1.725853e+00,0,2.000000e-01
1789,1.524007e+00,1.729480e+00,0,2.000000e-01
1790,1.516978e+00,1.732984e+00,0,2.000000e-01
1791,1.509889e+00,1.736366e+00,0,2.000000e-01
1792,1.502742e+00,1.739623e+00,0,2.000000e-01
1793,1.495540e+00,1.742754e+00,0,2.000000e-01
1794,1.488284e+00,1.745760e+00,0,2.000000e-01
1795,1.480977e+00,1.748638e+00,0,2.000000e-01
1796,1.473620e+00,1.751389e+00,0,2.000000e-01
1797,1.466217e+00,1.754010e+00,0,2.000000e-01
1798,1.458769e+00,1.756502e+00,0,2.000000e-01
1799,1.451278e+00,1.758864e+00,0,2.000000e-01
1800,1.443748e+00,1.761095e+00,0,2.000000e-01
1801,1.436180e+00,1.763194e+00,0,2.000000e-01
1802,1.428576e+00,1.765160e+00,0,2.000000e-01
1803,1.420939e+00,1.766994e+00,0,2.000000e-01
1804,1.413346e+00,1.768677e+00,0,2.000000e-01
1805,1.455766e+00,1.816158e+00,0,2.000000e-01
1806,1.575349e+00,1.884047e+00,0,2.000000e-01
1807,1.732443e+00,1.909464e+00,0,2.000000e-01
1808,1.744711e+00,1.750027e+00,0,2.000000e-01
1809,1.742019e+00,1.767023e+00,0,2.000000e-01
1810,1.734207e+00,1.782355e+00,0,2.000000e-01
1811,1.722039e+00,1.794523e+00,0,2.000000e-01
1812,1.706707e+00,1.802335e+00,0,2.000000e-01
1813,1.689711e+00,1.805027e+00,0,2.000000e-01
1814,1.672715e+00,1.802335e+00,0,2.000000e-01
1815,1.657383e+00,1.794523e+00,0,2.000000e-01
1816,1.645215e+00,1.782355e+00,0,2.000000e-01
1817,1.637403e+00,1.767023e+00,0,2.000000e-01
1818,1.634711e+00,1.750027e+00,0,2.000000e-01
1819,1.637403e+00,1.733031e+00,0,2.000000e-01
1820,1.645215e+00,1.717699e+00,0,2.000000e-01
1821,1.657383e+00,1.705531e+00,0,2.000000e-01
1822,1.672715e+00,1.697719e+00,0,2.000000e-01
1823,1.689711e+00,1.695027e+00,0,2.000000e-01
1824,1.706707e+00,1.697719e+00,0,2.000000e-01
1825,1.722039e+00,1.705531e+00,0,2.000000e-01
1826,1.734207e+00,1.717699e+00,0,2.000000e-01
1827,1.742019e+00,1.733031e+00,0,2.000000e-01
